-- smazání všech záznamů z tabulek

CREATE or replace FUNCTION clean_tables() RETURNS void AS $$
declare
  l_stmt text;
begin
  select 'truncate ' || string_agg(format('%I.%I', schemaname, tablename) , ',')
    into l_stmt
  from pg_tables
  where schemaname in ('public');

  execute l_stmt || ' cascade';
end;
$$ LANGUAGE plpgsql;
select clean_tables();

-- reset sekvenci

CREATE or replace FUNCTION restart_sequences() RETURNS void AS $$
DECLARE
i TEXT;
BEGIN
 FOR i IN (SELECT column_default FROM information_schema.columns WHERE column_default SIMILAR TO 'nextval%')
  LOOP
         EXECUTE 'ALTER SEQUENCE'||' ' || substring(substring(i from '''[a-z_]*')from '[a-z_]+') || ' '||' RESTART 1;';
  END LOOP;
END $$ LANGUAGE plpgsql;
select restart_sequences();
-- konec resetu

-- konec mazání

-- vložení dat do tabulky: Adresa

insert into Adresa (id_adresa, ulice, cislo_popisne, psc, obec, stat) values (1, 'Hermina', '0', '507 91', 'Stará Paka', 'Czech Republic');
insert into Adresa (id_adresa, ulice, cislo_popisne, psc, obec, stat) values (2, null, '491', '783 06', 'Město Libavá', 'Czech Republic');
insert into Adresa (id_adresa, ulice, cislo_popisne, psc, obec, stat) values (3, 'Northridge', '2', '783 97', 'Paseka', 'Czech Republic');
insert into Adresa (id_adresa, ulice, cislo_popisne, psc, obec, stat) values (4, null, '2', '349 01', 'Černošín', 'Czech Republic');
insert into Adresa (id_adresa, ulice, cislo_popisne, psc, obec, stat) values (5, null, '059', '592 11', 'Žďár nad Sázavou', 'Czech Republic');
insert into Adresa (id_adresa, ulice, cislo_popisne, psc, obec, stat) values (6, 'Buena Vista', '3', '735 35', 'Horní Suchá', 'Czech Republic');
insert into Adresa (id_adresa, ulice, cislo_popisne, psc, obec, stat) values (7, 'Algoma', '80447', '277 03', 'Horní Počaply', 'Czech Republic');
insert into Adresa (id_adresa, ulice, cislo_popisne, psc, obec, stat) values (8, 'Amoth', '110', '463 42', 'Hodkovice nad Mohelkou', 'Czech Republic');
insert into Adresa (id_adresa, ulice, cislo_popisne, psc, obec, stat) values (9, 'Menomonie', '2', '580 01', 'Havlíčkův Brod', 'Czech Republic');
insert into Adresa (id_adresa, ulice, cislo_popisne, psc, obec, stat) values (10, null, '7256', '431 41', 'Údlice', 'Czech Republic');
insert into Adresa (id_adresa, ulice, cislo_popisne, psc, obec, stat) values (11, null, '11285', '419 01', 'Bílina Kyselka', 'Czech Republic');
insert into Adresa (id_adresa, ulice, cislo_popisne, psc, obec, stat) values (12, null, '356', '251 63', 'Strančice', 'Czech Republic');
insert into Adresa (id_adresa, ulice, cislo_popisne, psc, obec, stat) values (13, null, '4212', '280 02', 'Veltruby', 'Czech Republic');
insert into Adresa (id_adresa, ulice, cislo_popisne, psc, obec, stat) values (14, 'Crest Line', '2', '338 45', 'Strašice', 'Czech Republic');
insert into Adresa (id_adresa, ulice, cislo_popisne, psc, obec, stat) values (15, null, '145', '675 55', 'Hrotovice', 'Czech Republic');
insert into Adresa (id_adresa, ulice, cislo_popisne, psc, obec, stat) values (16, 'Donald', '5', '542 24', 'Svoboda nad Úpou', 'Czech Republic');
insert into Adresa (id_adresa, ulice, cislo_popisne, psc, obec, stat) values (17, null, '2', '671 53', 'Jevišovice', 'Czech Republic');
insert into Adresa (id_adresa, ulice, cislo_popisne, psc, obec, stat) values (18, 'Talmadge', '30217', '517 73', 'Opočno', 'Czech Republic');
insert into Adresa (id_adresa, ulice, cislo_popisne, psc, obec, stat) values (19, null, '07580', '336 01', 'Stará Huť', 'Czech Republic');
insert into Adresa (id_adresa, ulice, cislo_popisne, psc, obec, stat) values (20, null, '53006', '763 33', 'Štítná nad Vláří', 'Czech Republic');
insert into Adresa (id_adresa, ulice, cislo_popisne, psc, obec, stat) values (21, null, '25', '593 01', 'Bystřice nad Pernštejnem', 'Czech Republic');
insert into Adresa (id_adresa, ulice, cislo_popisne, psc, obec, stat) values (22, null, '45351', '671 38', 'Višňové', 'Czech Republic');
insert into Adresa (id_adresa, ulice, cislo_popisne, psc, obec, stat) values (23, null, '99621', '539 43', 'Krouna', 'Czech Republic');
insert into Adresa (id_adresa, ulice, cislo_popisne, psc, obec, stat) values (24, 'Parkside', '1669', '768 02', 'Milovice', 'Czech Republic');
insert into Adresa (id_adresa, ulice, cislo_popisne, psc, obec, stat) values (25, null, '1', '503 04', 'Černožice', 'Czech Republic');
insert into Adresa (id_adresa, ulice, cislo_popisne, psc, obec, stat) values (26, null, '1403', '350 02', 'Jesenice', 'Czech Republic');
insert into Adresa (id_adresa, ulice, cislo_popisne, psc, obec, stat) values (27, null, '2', '696 62', 'Strážnice', 'Czech Republic');
insert into Adresa (id_adresa, ulice, cislo_popisne, psc, obec, stat) values (28, 'Daystar', '8', '417 52', 'Hostomice', 'Czech Republic');
insert into Adresa (id_adresa, ulice, cislo_popisne, psc, obec, stat) values (29, '6th', '1', '756 41', 'Lešná', 'Czech Republic');
insert into Adresa (id_adresa, ulice, cislo_popisne, psc, obec, stat) values (30, null, '4661', '751 19', 'Vlkoš', 'Czech Republic');
insert into Adresa (id_adresa, ulice, cislo_popisne, psc, obec, stat) values (31, 'Shopko', '39', '509 01', 'Nová Paka', 'Czech Republic');
insert into Adresa (id_adresa, ulice, cislo_popisne, psc, obec, stat) values (32, null, '31', '687 38', 'Nedakonice', 'Czech Republic');
insert into Adresa (id_adresa, ulice, cislo_popisne, psc, obec, stat) values (33, 'Division', '79272', '473 01', 'Nový Bor', 'Czech Republic');
insert into Adresa (id_adresa, ulice, cislo_popisne, psc, obec, stat) values (34, 'Acker', '63', '417 52', 'Hostomice', 'Czech Republic');
insert into Adresa (id_adresa, ulice, cislo_popisne, psc, obec, stat) values (35, null, '4940', '594 52', 'Ořechov', 'Czech Republic');
insert into Adresa (id_adresa, ulice, cislo_popisne, psc, obec, stat) values (36, 'American', '00990', '790 70', 'Javorník', 'Czech Republic');
insert into Adresa (id_adresa, ulice, cislo_popisne, psc, obec, stat) values (37, null, '02', '582 81', 'Habry', 'Czech Republic');
insert into Adresa (id_adresa, ulice, cislo_popisne, psc, obec, stat) values (38, null, '45', '752 01', 'Tovačov', 'Czech Republic');
insert into Adresa (id_adresa, ulice, cislo_popisne, psc, obec, stat) values (39, 'Reindahl', '0', '382 21', 'Kájov', 'Czech Republic');
insert into Adresa (id_adresa, ulice, cislo_popisne, psc, obec, stat) values (40, null, '713', '507 82', 'Pecka', 'Czech Republic');
insert into Adresa (id_adresa, ulice, cislo_popisne, psc, obec, stat) values (41, null, '58', '468 22', 'Jirkov', 'Czech Republic');
insert into Adresa (id_adresa, ulice, cislo_popisne, psc, obec, stat) values (42, 'Jackson', '13', '264 01', 'Sedlčany', 'Czech Republic');
insert into Adresa (id_adresa, ulice, cislo_popisne, psc, obec, stat) values (43, 'Holmberg', '19', '471 14', 'Kamenický Šenov', 'Czech Republic');
insert into Adresa (id_adresa, ulice, cislo_popisne, psc, obec, stat) values (44, 'Ilene', '25302', '500 02', 'Hradec Králové', 'Czech Republic');
insert into Adresa (id_adresa, ulice, cislo_popisne, psc, obec, stat) values (45, null, '7', '394 68', 'Žirovnice', 'Czech Republic');
insert into Adresa (id_adresa, ulice, cislo_popisne, psc, obec, stat) values (46, 'Crescent Oaks', '29289', '584 01', 'Ledeč nad Sázavou', 'Czech Republic');
insert into Adresa (id_adresa, ulice, cislo_popisne, psc, obec, stat) values (47, 'Stoughton', '92', '464 01', 'Višňova', 'Czech Republic');
insert into Adresa (id_adresa, ulice, cislo_popisne, psc, obec, stat) values (48, null, '73975', '739 94', 'Třinec', 'Czech Republic');
insert into Adresa (id_adresa, ulice, cislo_popisne, psc, obec, stat) values (49, 'School', '55', '273 05', 'Smečno', 'Czech Republic');
insert into Adresa (id_adresa, ulice, cislo_popisne, psc, obec, stat) values (50, 'Talmadge', '010', '747 17', 'Darkovice', 'Czech Republic');
insert into Adresa (id_adresa, ulice, cislo_popisne, psc, obec, stat) values (51, null, '5392', '348 15', 'Planá', 'Czech Republic');
insert into Adresa (id_adresa, ulice, cislo_popisne, psc, obec, stat) values (52, null, '64', '436 03', 'Litvínov', 'Czech Republic');
insert into Adresa (id_adresa, ulice, cislo_popisne, psc, obec, stat) values (53, null, '11302', '466 01', 'Jablonec nad Nisou', 'Czech Republic');
insert into Adresa (id_adresa, ulice, cislo_popisne, psc, obec, stat) values (54, null, '12828', '788 33', 'Hanušovice', 'Czech Republic');
insert into Adresa (id_adresa, ulice, cislo_popisne, psc, obec, stat) values (55, 'Algoma', '5681', '671 24', 'Vrbovec', 'Czech Republic');
insert into Adresa (id_adresa, ulice, cislo_popisne, psc, obec, stat) values (56, null, '76', '373 72', 'Lišov', 'Czech Republic');
insert into Adresa (id_adresa, ulice, cislo_popisne, psc, obec, stat) values (57, null, '784', '696 05', 'Milotice', 'Czech Republic');
insert into Adresa (id_adresa, ulice, cislo_popisne, psc, obec, stat) values (58, 'Prairieview', '84', '400 04', 'Trmice', 'Czech Republic');
insert into Adresa (id_adresa, ulice, cislo_popisne, psc, obec, stat) values (59, 'Kingsford', '985', '468 44', 'Josefův Důl', 'Czech Republic');
insert into Adresa (id_adresa, ulice, cislo_popisne, psc, obec, stat) values (60, 'Johnson', '59308', '273 71', 'Zlonice', 'Czech Republic');
insert into Adresa (id_adresa, ulice, cislo_popisne, psc, obec, stat) values (61, '2nd', '85500', '747 64', 'Velká Polom', 'Czech Republic');
insert into Adresa (id_adresa, ulice, cislo_popisne, psc, obec, stat) values (62, null, '82825', '257 22', 'Čerčany', 'Czech Republic');
insert into Adresa (id_adresa, ulice, cislo_popisne, psc, obec, stat) values (63, 'Service', '91170', '666 01', 'Rájec-Jestřebí', 'Czech Republic');
insert into Adresa (id_adresa, ulice, cislo_popisne, psc, obec, stat) values (64, null, '413', '763 11', 'Hvozdná', 'Czech Republic');
insert into Adresa (id_adresa, ulice, cislo_popisne, psc, obec, stat) values (65, null, '93', '391 02', 'Sezimovo Ústí', 'Czech Republic');
insert into Adresa (id_adresa, ulice, cislo_popisne, psc, obec, stat) values (66, 'Pierstorff', '9802', '696 61', 'Vnorovy', 'Czech Republic');
insert into Adresa (id_adresa, ulice, cislo_popisne, psc, obec, stat) values (67, null, '3713', '382 21', 'Kájov', 'Czech Republic');
insert into Adresa (id_adresa, ulice, cislo_popisne, psc, obec, stat) values (68, null, '45', '378 81', 'Slavonice', 'Czech Republic');
insert into Adresa (id_adresa, ulice, cislo_popisne, psc, obec, stat) values (69, 'Russell', '23', '783 71', 'Holice', 'Czech Republic');
insert into Adresa (id_adresa, ulice, cislo_popisne, psc, obec, stat) values (70, 'Mitchell', '126', '547 01', 'Náchod', 'Czech Republic');
insert into Adresa (id_adresa, ulice, cislo_popisne, psc, obec, stat) values (71, 'Walton', '5', '403 13', 'Řehlovice', 'Czech Republic');
insert into Adresa (id_adresa, ulice, cislo_popisne, psc, obec, stat) values (72, null, '07572', '739 04', 'Morávka', 'Czech Republic');
insert into Adresa (id_adresa, ulice, cislo_popisne, psc, obec, stat) values (73, null, '22', '517 42', 'Doudleby nad Orlicí', 'Czech Republic');
insert into Adresa (id_adresa, ulice, cislo_popisne, psc, obec, stat) values (74, null, '5', '569 91', 'Jedlová', 'Czech Republic');
insert into Adresa (id_adresa, ulice, cislo_popisne, psc, obec, stat) values (75, 'Stone Corner', '75', '378 41', 'Jarošov nad Nežárkou', 'Czech Republic');
insert into Adresa (id_adresa, ulice, cislo_popisne, psc, obec, stat) values (76, 'Goodland', '7', '400 04', 'Trmice', 'Czech Republic');
insert into Adresa (id_adresa, ulice, cislo_popisne, psc, obec, stat) values (77, 'Memorial', '643', '674 01', 'Trnava', 'Czech Republic');
insert into Adresa (id_adresa, ulice, cislo_popisne, psc, obec, stat) values (78, null, '92', '768 02', 'Zdounky', 'Czech Republic');
insert into Adresa (id_adresa, ulice, cislo_popisne, psc, obec, stat) values (79, null, '70', '394 15', 'Nová Cerekev', 'Czech Republic');
insert into Adresa (id_adresa, ulice, cislo_popisne, psc, obec, stat) values (80, null, '13', '788 14', 'Terezín', 'Czech Republic');
insert into Adresa (id_adresa, ulice, cislo_popisne, psc, obec, stat) values (81, 'Cherokee', '2', '330 27', 'Vejprnice', 'Czech Republic');
insert into Adresa (id_adresa, ulice, cislo_popisne, psc, obec, stat) values (82, null, '5331', '679 02', 'Ráječko', 'Czech Republic');
insert into Adresa (id_adresa, ulice, cislo_popisne, psc, obec, stat) values (83, 'Darwin', '1', '565 53', 'Dolní Sloupnice', 'Czech Republic');
insert into Adresa (id_adresa, ulice, cislo_popisne, psc, obec, stat) values (84, null, '744', '250 91', 'Brandýs nad Labem-Stará Boleslav', 'Czech Republic');
insert into Adresa (id_adresa, ulice, cislo_popisne, psc, obec, stat) values (85, 'Graedel', '6278', '539 01', 'Kladno', 'Czech Republic');
insert into Adresa (id_adresa, ulice, cislo_popisne, psc, obec, stat) values (86, null, '635', '798 12', 'Kralice na Hané', 'Czech Republic');
insert into Adresa (id_adresa, ulice, cislo_popisne, psc, obec, stat) values (87, 'Dixon', '917', '394 03', 'Horní Cerekev', 'Czech Republic');
insert into Adresa (id_adresa, ulice, cislo_popisne, psc, obec, stat) values (88, '7th', '66', '330 03', 'Chrást', 'Czech Republic');
insert into Adresa (id_adresa, ulice, cislo_popisne, psc, obec, stat) values (89, 'Sutherland', '5', '788 11', 'Loučná nad Desnou', 'Czech Republic');
insert into Adresa (id_adresa, ulice, cislo_popisne, psc, obec, stat) values (90, 'Wayridge', '18606', '563 01', 'Strážná', 'Czech Republic');
insert into Adresa (id_adresa, ulice, cislo_popisne, psc, obec, stat) values (91, 'Dennis', '84', '683 52', 'Zbýšov', 'Czech Republic');
insert into Adresa (id_adresa, ulice, cislo_popisne, psc, obec, stat) values (92, 'Badeau', '7', '294 21', 'Bělá pod Bezdězem', 'Czech Republic');
insert into Adresa (id_adresa, ulice, cislo_popisne, psc, obec, stat) values (93, 'Farragut', '07770', '696 19', 'Mikulčice', 'Czech Republic');
insert into Adresa (id_adresa, ulice, cislo_popisne, psc, obec, stat) values (94, 'Vernon', '268', '375 01', 'Týn nad Vltavou', 'Czech Republic');
insert into Adresa (id_adresa, ulice, cislo_popisne, psc, obec, stat) values (95, 'Clove', '197', '664 52', 'Sokolnice', 'Czech Republic');
insert into Adresa (id_adresa, ulice, cislo_popisne, psc, obec, stat) values (96, 'Lerdahl', '49593', '789 71', 'Leština', 'Czech Republic');
insert into Adresa (id_adresa, ulice, cislo_popisne, psc, obec, stat) values (97, null, '9587', '588 22', 'Luka nad Jihlavou', 'Czech Republic');
insert into Adresa (id_adresa, ulice, cislo_popisne, psc, obec, stat) values (98, null, '9', '257 01', 'Postupice', 'Czech Republic');
insert into Adresa (id_adresa, ulice, cislo_popisne, psc, obec, stat) values (99, null, '6004', '403 39', 'Žandov', 'Czech Republic');
insert into Adresa (id_adresa, ulice, cislo_popisne, psc, obec, stat) values (100, null, '0', '756 12', 'Lidečko', 'Czech Republic');

-- vložení dat do tabulky: Extra_sluzba
insert into Extra_sluzba (id_sluzba, nazev, cena, dostupnost) values (1, 'Snídaně do postele', 1112.4, 8);
insert into Extra_sluzba (id_sluzba, nazev, cena, dostupnost) values (2, 'Garden', 2069.8, 18);
insert into Extra_sluzba (id_sluzba, nazev, cena, dostupnost) values (3, 'Home', 796.0, 3);
insert into Extra_sluzba (id_sluzba, nazev, cena, dostupnost) values (4, 'Kids', 1540.2, 17);
insert into Extra_sluzba (id_sluzba, nazev, cena, dostupnost) values (5, 'Electronics', 2902.7, 5);
insert into Extra_sluzba (id_sluzba, nazev, cena, dostupnost) values (6, 'Games', 2252.3, 1);
insert into Extra_sluzba (id_sluzba, nazev, cena, dostupnost) values (7, 'Toys', 2165.4, 1);
insert into Extra_sluzba (id_sluzba, nazev, cena, dostupnost) values (8, 'Health', 2065.7, 2);
insert into Extra_sluzba (id_sluzba, nazev, cena, dostupnost) values (9, 'Outdoors', 2156.4, 18);
insert into Extra_sluzba (id_sluzba, nazev, cena, dostupnost) values (10, 'Toys', 1837.8, 15);
insert into Extra_sluzba (id_sluzba, nazev, cena, dostupnost) values (11, 'Health', 311.7, 19);
insert into Extra_sluzba (id_sluzba, nazev, cena, dostupnost) values (12, 'Movies', 2976.4, 14);
insert into Extra_sluzba (id_sluzba, nazev, cena, dostupnost) values (13, 'Games', 987.0, 20);
insert into Extra_sluzba (id_sluzba, nazev, cena, dostupnost) values (14, 'Games', 1657.9, 16);
insert into Extra_sluzba (id_sluzba, nazev, cena, dostupnost) values (15, 'Shoes', 2767.6, 6);
insert into Extra_sluzba (id_sluzba, nazev, cena, dostupnost) values (16, 'Garden', 781.8, 20);
insert into Extra_sluzba (id_sluzba, nazev, cena, dostupnost) values (17, 'Garden', 1503.4, 1);
insert into Extra_sluzba (id_sluzba, nazev, cena, dostupnost) values (18, 'Grocery', 1366.6, 11);
insert into Extra_sluzba (id_sluzba, nazev, cena, dostupnost) values (19, 'Books', 2146.1, 15);
insert into Extra_sluzba (id_sluzba, nazev, cena, dostupnost) values (20, 'Industrial', 1089.0, 20);
insert into Extra_sluzba (id_sluzba, nazev, cena, dostupnost) values (21, 'Games', 2383.9, 6);
insert into Extra_sluzba (id_sluzba, nazev, cena, dostupnost) values (22, 'Clothing', 2824.3, 14);
insert into Extra_sluzba (id_sluzba, nazev, cena, dostupnost) values (23, 'Automotive', 2921.2, 11);
insert into Extra_sluzba (id_sluzba, nazev, cena, dostupnost) values (24, 'Music', 2613.0, 9);
insert into Extra_sluzba (id_sluzba, nazev, cena, dostupnost) values (25, 'Beauty', 2468.1, 16);
insert into Extra_sluzba (id_sluzba, nazev, cena, dostupnost) values (26, 'Grocery', 2453.4, 17);
insert into Extra_sluzba (id_sluzba, nazev, cena, dostupnost) values (27, 'Garden', 916.6, 12);
insert into Extra_sluzba (id_sluzba, nazev, cena, dostupnost) values (28, 'Grocery', 1195.6, 2);
insert into Extra_sluzba (id_sluzba, nazev, cena, dostupnost) values (29, 'Computers', 1391.6, 3);
insert into Extra_sluzba (id_sluzba, nazev, cena, dostupnost) values (30, 'Computers', 1808.4, 17);
insert into Extra_sluzba (id_sluzba, nazev, cena, dostupnost) values (31, 'Home', 2136.3, 11);
insert into Extra_sluzba (id_sluzba, nazev, cena, dostupnost) values (32, 'Books', 1392.0, 9);
insert into Extra_sluzba (id_sluzba, nazev, cena, dostupnost) values (33, 'Home', 572.7, 1);
insert into Extra_sluzba (id_sluzba, nazev, cena, dostupnost) values (34, 'Beauty', 1602.8, 11);
insert into Extra_sluzba (id_sluzba, nazev, cena, dostupnost) values (35, 'Outdoors', 1451.4, 17);

-- vložení dat do tabulky: Host

insert into Host (id_host, jmeno, prijmeni) values (1, 'Pepa', 'McGrill');
insert into Host (id_host, jmeno, prijmeni) values (2, 'Agosto', 'Drysdale');
insert into Host (id_host, jmeno, prijmeni) values (3, 'Layton', 'Davidoff');
insert into Host (id_host, jmeno, prijmeni) values (4, 'Paxton', 'Greenland');
insert into Host (id_host, jmeno, prijmeni) values (5, 'Rica', 'Rubra');
insert into Host (id_host, jmeno, prijmeni) values (6, 'Dasha', 'MacMichael');
insert into Host (id_host, jmeno, prijmeni) values (7, 'Madelle', 'Altree');
insert into Host (id_host, jmeno, prijmeni) values (8, 'Scotty', 'Spens');
insert into Host (id_host, jmeno, prijmeni) values (9, 'Teresita', 'Boon');
insert into Host (id_host, jmeno, prijmeni) values (10, 'Llywellyn', 'Zieme');
insert into Host (id_host, jmeno, prijmeni) values (11, 'Melody', 'Pomphrett');
insert into Host (id_host, jmeno, prijmeni) values (12, 'Elita', 'Redholls');
insert into Host (id_host, jmeno, prijmeni) values (13, 'Mona', 'Forbear');
insert into Host (id_host, jmeno, prijmeni) values (14, 'Jori', 'Hullah');
insert into Host (id_host, jmeno, prijmeni) values (15, 'Randolph', 'Ohm');
insert into Host (id_host, jmeno, prijmeni) values (16, 'Chiarra', 'Heggison');
insert into Host (id_host, jmeno, prijmeni) values (17, 'Lyon', 'Rawstron');
insert into Host (id_host, jmeno, prijmeni) values (18, 'Kaja', 'Easen');
insert into Host (id_host, jmeno, prijmeni) values (19, 'Billi', 'Callam');
insert into Host (id_host, jmeno, prijmeni) values (20, 'Amby', 'Barnson');
insert into Host (id_host, jmeno, prijmeni) values (21, 'Mattheus', 'Spellissy');
insert into Host (id_host, jmeno, prijmeni) values (22, 'Blinny', 'Docksey');
insert into Host (id_host, jmeno, prijmeni) values (23, 'Georgine', 'Hender');
insert into Host (id_host, jmeno, prijmeni) values (24, 'Ingram', 'Aiers');
insert into Host (id_host, jmeno, prijmeni) values (25, 'Daniela', 'Headford');
insert into Host (id_host, jmeno, prijmeni) values (26, 'Elena', 'Tryhorn');
insert into Host (id_host, jmeno, prijmeni) values (27, 'Jarad', 'Metzke');
insert into Host (id_host, jmeno, prijmeni) values (28, 'Inez', 'Armatage');
insert into Host (id_host, jmeno, prijmeni) values (29, 'Tedie', 'Kigelman');
insert into Host (id_host, jmeno, prijmeni) values (30, 'Kathye', 'Scedall');
insert into Host (id_host, jmeno, prijmeni) values (31, 'Baillie', 'Gonin');
insert into Host (id_host, jmeno, prijmeni) values (32, 'Ferguson', 'Hanhardt');
insert into Host (id_host, jmeno, prijmeni) values (33, 'Risa', 'Lloyd');
insert into Host (id_host, jmeno, prijmeni) values (34, 'Levin', 'Ladd');
insert into Host (id_host, jmeno, prijmeni) values (35, 'Thom', 'Hallatt');
insert into Host (id_host, jmeno, prijmeni) values (36, 'Annie', 'Ansell');
insert into Host (id_host, jmeno, prijmeni) values (37, 'Rheba', 'Davidman');
insert into Host (id_host, jmeno, prijmeni) values (38, 'Smith', 'McGorley');
insert into Host (id_host, jmeno, prijmeni) values (39, 'Deanna', 'Graben');
insert into Host (id_host, jmeno, prijmeni) values (40, 'Caesar', 'Annwyl');
insert into Host (id_host, jmeno, prijmeni) values (41, 'Kally', 'Millen');
insert into Host (id_host, jmeno, prijmeni) values (42, 'Clementia', 'Garnham');
insert into Host (id_host, jmeno, prijmeni) values (43, 'Boot', 'Ivshin');
insert into Host (id_host, jmeno, prijmeni) values (44, 'Renae', 'Jahn');
insert into Host (id_host, jmeno, prijmeni) values (45, 'Fabian', 'Skains');
insert into Host (id_host, jmeno, prijmeni) values (46, 'Zulema', 'Tuminelli');
insert into Host (id_host, jmeno, prijmeni) values (47, 'Hardy', 'Eslie');
insert into Host (id_host, jmeno, prijmeni) values (48, 'Biddie', 'Smeed');
insert into Host (id_host, jmeno, prijmeni) values (49, 'Arie', 'Backwell');
insert into Host (id_host, jmeno, prijmeni) values (50, 'Clarinda', 'Liggett');
insert into Host (id_host, jmeno, prijmeni) values (51, 'Lucais', 'Skirvin');
insert into Host (id_host, jmeno, prijmeni) values (52, 'Jerrie', 'Dennington');
insert into Host (id_host, jmeno, prijmeni) values (53, 'Sholom', 'Gyves');
insert into Host (id_host, jmeno, prijmeni) values (54, 'Kinny', 'Janos');
insert into Host (id_host, jmeno, prijmeni) values (55, 'Martino', 'MacCollom');
insert into Host (id_host, jmeno, prijmeni) values (56, 'Glennie', 'Botley');
insert into Host (id_host, jmeno, prijmeni) values (57, 'Blancha', 'Coweuppe');
insert into Host (id_host, jmeno, prijmeni) values (58, 'Lynnea', 'Escala');
insert into Host (id_host, jmeno, prijmeni) values (59, 'Kalle', 'Thistleton');
insert into Host (id_host, jmeno, prijmeni) values (60, 'Raeann', 'Cotgrave');
insert into Host (id_host, jmeno, prijmeni) values (61, 'Roseanna', 'Swinn');
insert into Host (id_host, jmeno, prijmeni) values (62, 'Berny', 'Grealey');
insert into Host (id_host, jmeno, prijmeni) values (63, 'Audry', 'Drysdall');
insert into Host (id_host, jmeno, prijmeni) values (64, 'Durward', 'Boutflour');
insert into Host (id_host, jmeno, prijmeni) values (65, 'Madelyn', 'Fairbard');
insert into Host (id_host, jmeno, prijmeni) values (66, 'Joyce', 'Mandifield');
insert into Host (id_host, jmeno, prijmeni) values (67, 'Emanuele', 'Pettecrew');
insert into Host (id_host, jmeno, prijmeni) values (68, 'Suzette', 'Goulborn');
insert into Host (id_host, jmeno, prijmeni) values (69, 'Cari', 'Colleton');
insert into Host (id_host, jmeno, prijmeni) values (70, 'Lynde', 'Coomes');
insert into Host (id_host, jmeno, prijmeni) values (71, 'Torr', 'Revening');
insert into Host (id_host, jmeno, prijmeni) values (72, 'Anthe', 'Lipscombe');
insert into Host (id_host, jmeno, prijmeni) values (73, 'Wilburt', 'Peplow');
insert into Host (id_host, jmeno, prijmeni) values (74, 'Halette', 'Feenan');
insert into Host (id_host, jmeno, prijmeni) values (75, 'Joletta', 'Thyng');
insert into Host (id_host, jmeno, prijmeni) values (76, 'Vivianne', 'Rankine');
insert into Host (id_host, jmeno, prijmeni) values (77, 'Monika', 'Wetherick');
insert into Host (id_host, jmeno, prijmeni) values (78, 'Kial', 'Mummery');
insert into Host (id_host, jmeno, prijmeni) values (79, 'Hannie', 'Gehring');
insert into Host (id_host, jmeno, prijmeni) values (80, 'Ethelyn', 'Cobleigh');
insert into Host (id_host, jmeno, prijmeni) values (81, 'Trix', 'Ankers');
insert into Host (id_host, jmeno, prijmeni) values (82, 'Laird', 'Barenski');
insert into Host (id_host, jmeno, prijmeni) values (83, 'Becca', 'Ouldred');
insert into Host (id_host, jmeno, prijmeni) values (84, 'Karoly', 'Korejs');
insert into Host (id_host, jmeno, prijmeni) values (85, 'Kaitlyn', 'Ingledow');
insert into Host (id_host, jmeno, prijmeni) values (86, 'Lacie', 'Castillou');
insert into Host (id_host, jmeno, prijmeni) values (87, 'Odey', 'Barthorpe');
insert into Host (id_host, jmeno, prijmeni) values (88, 'Arnaldo', 'Boulton');
insert into Host (id_host, jmeno, prijmeni) values (89, 'Genia', 'Duval');
insert into Host (id_host, jmeno, prijmeni) values (90, 'Nanny', 'Cundict');
insert into Host (id_host, jmeno, prijmeni) values (91, 'Merell', 'Bebbell');
insert into Host (id_host, jmeno, prijmeni) values (92, 'Devin', 'Breckell');
insert into Host (id_host, jmeno, prijmeni) values (93, 'Stirling', 'Crimp');
insert into Host (id_host, jmeno, prijmeni) values (94, 'Briney', 'Jales');
insert into Host (id_host, jmeno, prijmeni) values (95, 'Sarge', 'Reynoollds');
insert into Host (id_host, jmeno, prijmeni) values (96, 'Euell', 'Lindop');
insert into Host (id_host, jmeno, prijmeni) values (97, 'Tonnie', 'Ubsdall');
insert into Host (id_host, jmeno, prijmeni) values (98, 'Vanya', 'Barttrum');
insert into Host (id_host, jmeno, prijmeni) values (99, 'Fayth', 'Waldren');
insert into Host (id_host, jmeno, prijmeni) values (100, 'Liana', 'Tallboy');
insert into Host (id_host, jmeno, prijmeni) values (101, 'Sheffield', 'Damarell');
insert into Host (id_host, jmeno, prijmeni) values (102, 'Athene', 'Grayer');
insert into Host (id_host, jmeno, prijmeni) values (103, 'Lannie', 'Lemary');
insert into Host (id_host, jmeno, prijmeni) values (104, 'Rosette', 'Callingham');
insert into Host (id_host, jmeno, prijmeni) values (105, 'Emmi', 'Cowill');
insert into Host (id_host, jmeno, prijmeni) values (106, 'Maxine', 'Oliphand');
insert into Host (id_host, jmeno, prijmeni) values (107, 'Melicent', 'Graham');
insert into Host (id_host, jmeno, prijmeni) values (108, 'Gayel', 'Mardle');
insert into Host (id_host, jmeno, prijmeni) values (109, 'Meridith', 'Emmet');
insert into Host (id_host, jmeno, prijmeni) values (110, 'Bride', 'Camin');
insert into Host (id_host, jmeno, prijmeni) values (111, 'Perice', 'Cordel');
insert into Host (id_host, jmeno, prijmeni) values (112, 'Hortensia', 'O''Cannan');
insert into Host (id_host, jmeno, prijmeni) values (113, 'Morty', 'Duran');
insert into Host (id_host, jmeno, prijmeni) values (114, 'Corrine', 'Hearon');
insert into Host (id_host, jmeno, prijmeni) values (115, 'Celestia', 'Vidineev');
insert into Host (id_host, jmeno, prijmeni) values (116, 'Siegfried', 'Engledow');
insert into Host (id_host, jmeno, prijmeni) values (117, 'Del', 'McCusker');
insert into Host (id_host, jmeno, prijmeni) values (118, 'Marnia', 'Kiwitz');
insert into Host (id_host, jmeno, prijmeni) values (119, 'Malorie', 'Briggs');
insert into Host (id_host, jmeno, prijmeni) values (120, 'Freida', 'Carnson');
insert into Host (id_host, jmeno, prijmeni) values (121, 'Finlay', 'Peche');
insert into Host (id_host, jmeno, prijmeni) values (122, 'Ernaline', 'Maulkin');
insert into Host (id_host, jmeno, prijmeni) values (123, 'Kirk', 'Aitchison');
insert into Host (id_host, jmeno, prijmeni) values (124, 'Almeria', 'Quenby');
insert into Host (id_host, jmeno, prijmeni) values (125, 'Desmond', 'Dart');
insert into Host (id_host, jmeno, prijmeni) values (126, 'Michael', 'Ilem');
insert into Host (id_host, jmeno, prijmeni) values (127, 'Debby', 'Boise');
insert into Host (id_host, jmeno, prijmeni) values (128, 'Griffy', 'Parnaby');
insert into Host (id_host, jmeno, prijmeni) values (129, 'Randolf', 'Jennens');
insert into Host (id_host, jmeno, prijmeni) values (130, 'Maisey', 'Girke');
insert into Host (id_host, jmeno, prijmeni) values (131, 'Bernard', 'Adcock');
insert into Host (id_host, jmeno, prijmeni) values (132, 'Melina', 'Milberry');
insert into Host (id_host, jmeno, prijmeni) values (133, 'Aurelia', 'Emes');
insert into Host (id_host, jmeno, prijmeni) values (134, 'Roda', 'Trenholm');
insert into Host (id_host, jmeno, prijmeni) values (135, 'Dorice', 'MacNess');
insert into Host (id_host, jmeno, prijmeni) values (136, 'Katha', 'Grimsey');
insert into Host (id_host, jmeno, prijmeni) values (137, 'Tuck', 'Reford');
insert into Host (id_host, jmeno, prijmeni) values (138, 'Daisi', 'Ferrettini');
insert into Host (id_host, jmeno, prijmeni) values (139, 'Sapphira', 'Buckley');
insert into Host (id_host, jmeno, prijmeni) values (140, 'Tomasine', 'Butcher');
insert into Host (id_host, jmeno, prijmeni) values (141, 'Miranda', 'Lillicrop');
insert into Host (id_host, jmeno, prijmeni) values (142, 'Cassey', 'Wolton');
insert into Host (id_host, jmeno, prijmeni) values (143, 'Konstantine', 'Macrow');
insert into Host (id_host, jmeno, prijmeni) values (144, 'Erna', 'Barrow');
insert into Host (id_host, jmeno, prijmeni) values (145, 'Devy', 'Heselwood');
insert into Host (id_host, jmeno, prijmeni) values (146, 'Giselle', 'Fraschini');
insert into Host (id_host, jmeno, prijmeni) values (147, 'Karol', 'Giovannetti');
insert into Host (id_host, jmeno, prijmeni) values (148, 'Priscilla', 'Kew');
insert into Host (id_host, jmeno, prijmeni) values (149, 'Nataniel', 'Lougheed');
insert into Host (id_host, jmeno, prijmeni) values (150, 'Tedra', 'Bysouth');
insert into Host (id_host, jmeno, prijmeni) values (151, 'Ken', 'Wiltshear');
insert into Host (id_host, jmeno, prijmeni) values (152, 'Normie', 'Elston');
insert into Host (id_host, jmeno, prijmeni) values (153, 'Bran', 'Twidale');
insert into Host (id_host, jmeno, prijmeni) values (154, 'Augustine', 'Bernolet');
insert into Host (id_host, jmeno, prijmeni) values (155, 'Alisander', 'Muat');
insert into Host (id_host, jmeno, prijmeni) values (156, 'Carling', 'De Mico');
insert into Host (id_host, jmeno, prijmeni) values (157, 'Annora', 'McGruar');
insert into Host (id_host, jmeno, prijmeni) values (158, 'Kermit', 'Whiston');
insert into Host (id_host, jmeno, prijmeni) values (159, 'Herb', 'Campbell-Dunlop');
insert into Host (id_host, jmeno, prijmeni) values (160, 'Jamal', 'Cron');
insert into Host (id_host, jmeno, prijmeni) values (161, 'Sonnie', 'Snelson');
insert into Host (id_host, jmeno, prijmeni) values (162, 'Tandy', 'Arthey');
insert into Host (id_host, jmeno, prijmeni) values (163, 'Fernande', 'Arrell');
insert into Host (id_host, jmeno, prijmeni) values (164, 'Sterne', 'Wyd');
insert into Host (id_host, jmeno, prijmeni) values (165, 'Alwyn', 'Keeble');
insert into Host (id_host, jmeno, prijmeni) values (166, 'Viole', 'Camus');
insert into Host (id_host, jmeno, prijmeni) values (167, 'Bertina', 'Genthner');
insert into Host (id_host, jmeno, prijmeni) values (168, 'Dorena', 'Kubek');
insert into Host (id_host, jmeno, prijmeni) values (169, 'Jaymie', 'Golbourn');
insert into Host (id_host, jmeno, prijmeni) values (170, 'Mariejeanne', 'Tallboy');
insert into Host (id_host, jmeno, prijmeni) values (171, 'Devonne', 'GiacobbiniJacob');
insert into Host (id_host, jmeno, prijmeni) values (172, 'Burg', 'Krzyzaniak');
insert into Host (id_host, jmeno, prijmeni) values (173, 'Allie', 'Hukin');
insert into Host (id_host, jmeno, prijmeni) values (174, 'Donnie', 'Mannakee');
insert into Host (id_host, jmeno, prijmeni) values (175, 'Red', 'Wolstencroft');
insert into Host (id_host, jmeno, prijmeni) values (176, 'Denys', 'Casiero');
insert into Host (id_host, jmeno, prijmeni) values (177, 'Ruby', 'Parchment');
insert into Host (id_host, jmeno, prijmeni) values (178, 'Emanuele', 'Gorioli');
insert into Host (id_host, jmeno, prijmeni) values (179, 'Jacintha', 'Vasyutin');
insert into Host (id_host, jmeno, prijmeni) values (180, 'Lina', 'Domican');
insert into Host (id_host, jmeno, prijmeni) values (181, 'Uri', 'Kirley');
insert into Host (id_host, jmeno, prijmeni) values (182, 'Derrik', 'Stuckford');
insert into Host (id_host, jmeno, prijmeni) values (183, 'Carmelita', 'MacMechan');
insert into Host (id_host, jmeno, prijmeni) values (184, 'Curtice', 'Chrisp');
insert into Host (id_host, jmeno, prijmeni) values (185, 'Amye', 'Hort');
insert into Host (id_host, jmeno, prijmeni) values (186, 'Mersey', 'Mordaunt');
insert into Host (id_host, jmeno, prijmeni) values (187, 'Correna', 'Peggs');
insert into Host (id_host, jmeno, prijmeni) values (188, 'Brnaba', 'Farrand');
insert into Host (id_host, jmeno, prijmeni) values (189, 'Jody', 'Jeff');
insert into Host (id_host, jmeno, prijmeni) values (190, 'Laird', 'Crofts');
insert into Host (id_host, jmeno, prijmeni) values (191, 'Thorn', 'Pebworth');
insert into Host (id_host, jmeno, prijmeni) values (192, 'Lynnett', 'Josephs');
insert into Host (id_host, jmeno, prijmeni) values (193, 'Jerad', 'Danzelman');
insert into Host (id_host, jmeno, prijmeni) values (194, 'Margaux', 'Carnson');
insert into Host (id_host, jmeno, prijmeni) values (195, 'Astra', 'Heathcott');
insert into Host (id_host, jmeno, prijmeni) values (196, 'Marena', 'Niessen');
insert into Host (id_host, jmeno, prijmeni) values (197, 'Stirling', 'McLanachan');
insert into Host (id_host, jmeno, prijmeni) values (198, 'Calida', 'Tindley');
insert into Host (id_host, jmeno, prijmeni) values (199, 'Marchall', 'Bunhill');
insert into Host (id_host, jmeno, prijmeni) values (200, 'Birgitta', 'Gargett');
insert into Host (id_host, jmeno, prijmeni) values (201, 'Lurleen', 'Eatock');
insert into Host (id_host, jmeno, prijmeni) values (202, 'Pacorro', 'Kinvan');
insert into Host (id_host, jmeno, prijmeni) values (203, 'Agna', 'Muldowney');
insert into Host (id_host, jmeno, prijmeni) values (204, 'Annamarie', 'Nalder');
insert into Host (id_host, jmeno, prijmeni) values (205, 'Geoffry', 'Pinke');
insert into Host (id_host, jmeno, prijmeni) values (206, 'Ema', 'Benkhe');
insert into Host (id_host, jmeno, prijmeni) values (207, 'Cheri', 'Manilo');
insert into Host (id_host, jmeno, prijmeni) values (208, 'Josephine', 'Ledgister');
insert into Host (id_host, jmeno, prijmeni) values (209, 'Oswald', 'Freebury');
insert into Host (id_host, jmeno, prijmeni) values (210, 'La verne', 'Merrington');
insert into Host (id_host, jmeno, prijmeni) values (211, 'Gustavus', 'Patinkin');
insert into Host (id_host, jmeno, prijmeni) values (212, 'Kevin', 'Handley');
insert into Host (id_host, jmeno, prijmeni) values (213, 'Fabe', 'Birkmyr');
insert into Host (id_host, jmeno, prijmeni) values (214, 'Koenraad', 'Meffen');
insert into Host (id_host, jmeno, prijmeni) values (215, 'Davey', 'O''Neill');
insert into Host (id_host, jmeno, prijmeni) values (216, 'Lannie', 'Craft');
insert into Host (id_host, jmeno, prijmeni) values (217, 'Genevieve', 'Alebrooke');
insert into Host (id_host, jmeno, prijmeni) values (218, 'Phillip', 'Lindner');
insert into Host (id_host, jmeno, prijmeni) values (219, 'Jerrie', 'Ege');
insert into Host (id_host, jmeno, prijmeni) values (220, 'Robbert', 'Liven');
insert into Host (id_host, jmeno, prijmeni) values (221, 'Noam', 'Arnowicz');
insert into Host (id_host, jmeno, prijmeni) values (222, 'Trudey', 'Johanchon');
insert into Host (id_host, jmeno, prijmeni) values (223, 'Caldwell', 'Charles');
insert into Host (id_host, jmeno, prijmeni) values (224, 'Blinni', 'Grishukhin');
insert into Host (id_host, jmeno, prijmeni) values (225, 'Pail', 'Sibille');
insert into Host (id_host, jmeno, prijmeni) values (226, 'Germain', 'Gabbatiss');
insert into Host (id_host, jmeno, prijmeni) values (227, 'Lars', 'Munnery');
insert into Host (id_host, jmeno, prijmeni) values (228, 'Madlin', 'Sarfati');
insert into Host (id_host, jmeno, prijmeni) values (229, 'Martie', 'Goodison');
insert into Host (id_host, jmeno, prijmeni) values (230, 'Jobina', 'Pegden');
insert into Host (id_host, jmeno, prijmeni) values (231, 'Katrinka', 'Bugbird');
insert into Host (id_host, jmeno, prijmeni) values (232, 'Miran', 'Ridolfo');
insert into Host (id_host, jmeno, prijmeni) values (233, 'Donalt', 'O''Lunney');
insert into Host (id_host, jmeno, prijmeni) values (234, 'Eleanor', 'McTurk');
insert into Host (id_host, jmeno, prijmeni) values (235, 'Anastasie', 'Beavington');
insert into Host (id_host, jmeno, prijmeni) values (236, 'Aeriel', 'Doy');
insert into Host (id_host, jmeno, prijmeni) values (237, 'Lanita', 'Dwyr');
insert into Host (id_host, jmeno, prijmeni) values (238, 'Alanna', 'Orwell');
insert into Host (id_host, jmeno, prijmeni) values (239, 'Margret', 'Ghidini');
insert into Host (id_host, jmeno, prijmeni) values (240, 'Eleonore', 'Emloch');
insert into Host (id_host, jmeno, prijmeni) values (241, 'Gianna', 'Elkins');
insert into Host (id_host, jmeno, prijmeni) values (242, 'Minetta', 'Dignam');
insert into Host (id_host, jmeno, prijmeni) values (243, 'Petrina', 'Dockray');
insert into Host (id_host, jmeno, prijmeni) values (244, 'Madelyn', 'Mussared');
insert into Host (id_host, jmeno, prijmeni) values (245, 'Elfrida', 'Lesper');
insert into Host (id_host, jmeno, prijmeni) values (246, 'Milt', 'McKeeman');
insert into Host (id_host, jmeno, prijmeni) values (247, 'Mercedes', 'Broadfield');
insert into Host (id_host, jmeno, prijmeni) values (248, 'Edee', 'Tabourier');
insert into Host (id_host, jmeno, prijmeni) values (249, 'Timi', 'Cridlan');
insert into Host (id_host, jmeno, prijmeni) values (250, 'Saidee', 'Deluce');

-- vložení dat do tabulky: Pokoj

insert into Pokoj (id_pokoj, cena_noc, kategorie, kapacita) values (1, 7577.3, 'Red', 4);
insert into Pokoj (id_pokoj, cena_noc, kategorie, kapacita) values (2, 11823.0, 'Red', 5);
insert into Pokoj (id_pokoj, cena_noc, kategorie, kapacita) values (3, 14228.1, 'Yellow', 3);
insert into Pokoj (id_pokoj, cena_noc, kategorie, kapacita) values (4, 4626.6, 'Goldenrod', 4);
insert into Pokoj (id_pokoj, cena_noc, kategorie, kapacita) values (5, 13302.2, 'Turquoise', 5);
insert into Pokoj (id_pokoj, cena_noc, kategorie, kapacita) values (6, 3128.9, 'Violet', 2);
insert into Pokoj (id_pokoj, cena_noc, kategorie, kapacita) values (7, 12955.4, 'Yellow', 1);
insert into Pokoj (id_pokoj, cena_noc, kategorie, kapacita) values (8, 12531.7, 'Turquoise', 5);
insert into Pokoj (id_pokoj, cena_noc, kategorie, kapacita) values (9, 13076.5, 'Khaki', 4);
insert into Pokoj (id_pokoj, cena_noc, kategorie, kapacita) values (10, 9357.5, 'Purple', 2);
insert into Pokoj (id_pokoj, cena_noc, kategorie, kapacita) values (11, 11982.8, 'Violet', 5);
insert into Pokoj (id_pokoj, cena_noc, kategorie, kapacita) values (12, 2236.3, 'Turquoise', 3);
insert into Pokoj (id_pokoj, cena_noc, kategorie, kapacita) values (13, 13590.3, 'Yellow', 2);
insert into Pokoj (id_pokoj, cena_noc, kategorie, kapacita) values (14, 2602.2, 'Indigo', 1);
insert into Pokoj (id_pokoj, cena_noc, kategorie, kapacita) values (15, 3641.3, 'Pink', 5);
insert into Pokoj (id_pokoj, cena_noc, kategorie, kapacita) values (16, 6530.1, 'Teal', 3);
insert into Pokoj (id_pokoj, cena_noc, kategorie, kapacita) values (17, 7504.5, 'Fuscia', 3);
insert into Pokoj (id_pokoj, cena_noc, kategorie, kapacita) values (18, 14905.2, 'Maroon', 5);
insert into Pokoj (id_pokoj, cena_noc, kategorie, kapacita) values (19, 13855.2, 'Indigo', 4);
insert into Pokoj (id_pokoj, cena_noc, kategorie, kapacita) values (20, 4388.7, 'Violet', 1);
insert into Pokoj (id_pokoj, cena_noc, kategorie, kapacita) values (21, 1307.3, 'Fuscia', 5);
insert into Pokoj (id_pokoj, cena_noc, kategorie, kapacita) values (22, 2411.3, 'Pink', 1);
insert into Pokoj (id_pokoj, cena_noc, kategorie, kapacita) values (23, 7145.4, 'Fuscia', 1);
insert into Pokoj (id_pokoj, cena_noc, kategorie, kapacita) values (24, 11985.4, 'Green', 4);
insert into Pokoj (id_pokoj, cena_noc, kategorie, kapacita) values (25, 8649.1, 'Green', 5);
insert into Pokoj (id_pokoj, cena_noc, kategorie, kapacita) values (26, 10707.9, 'Indigo', 3);
insert into Pokoj (id_pokoj, cena_noc, kategorie, kapacita) values (27, 8769.4, 'Violet', 3);
insert into Pokoj (id_pokoj, cena_noc, kategorie, kapacita) values (28, 10349.7, 'Mauv', 4);
insert into Pokoj (id_pokoj, cena_noc, kategorie, kapacita) values (29, 2315.4, 'Pink', 5);
insert into Pokoj (id_pokoj, cena_noc, kategorie, kapacita) values (30, 3099.0, 'Green', 3);
insert into Pokoj (id_pokoj, cena_noc, kategorie, kapacita) values (31, 10074.0, 'Yellow', 1);
insert into Pokoj (id_pokoj, cena_noc, kategorie, kapacita) values (32, 3581.2, 'Teal', 2);
insert into Pokoj (id_pokoj, cena_noc, kategorie, kapacita) values (33, 4500.7, 'Orange', 3);
insert into Pokoj (id_pokoj, cena_noc, kategorie, kapacita) values (34, 1777.4, 'Khaki', 5);
insert into Pokoj (id_pokoj, cena_noc, kategorie, kapacita) values (35, 1104.3, 'Mauv', 1);
insert into Pokoj (id_pokoj, cena_noc, kategorie, kapacita) values (36, 14017.4, 'Mauv', 3);
insert into Pokoj (id_pokoj, cena_noc, kategorie, kapacita) values (37, 7414.6, 'Teal', 4);
insert into Pokoj (id_pokoj, cena_noc, kategorie, kapacita) values (38, 1345.2, 'Indigo', 5);
insert into Pokoj (id_pokoj, cena_noc, kategorie, kapacita) values (39, 5786.5, 'Maroon', 3);
insert into Pokoj (id_pokoj, cena_noc, kategorie, kapacita) values (40, 6777.6, 'Puce', 3);
insert into Pokoj (id_pokoj, cena_noc, kategorie, kapacita) values (41, 10859.1, 'Purple', 1);
insert into Pokoj (id_pokoj, cena_noc, kategorie, kapacita) values (42, 1388.6, 'Pink', 1);
insert into Pokoj (id_pokoj, cena_noc, kategorie, kapacita) values (43, 13075.4, 'Crimson', 5);
insert into Pokoj (id_pokoj, cena_noc, kategorie, kapacita) values (44, 2077.7, 'Violet', 5);
insert into Pokoj (id_pokoj, cena_noc, kategorie, kapacita) values (45, 9537.0, 'Puce', 3);
insert into Pokoj (id_pokoj, cena_noc, kategorie, kapacita) values (46, 10999.7, 'Fuscia', 2);
insert into Pokoj (id_pokoj, cena_noc, kategorie, kapacita) values (47, 12003.0, 'Blue', 3);
insert into Pokoj (id_pokoj, cena_noc, kategorie, kapacita) values (48, 10722.2, 'Purple', 5);
insert into Pokoj (id_pokoj, cena_noc, kategorie, kapacita) values (49, 6068.7, 'Pink', 4);
insert into Pokoj (id_pokoj, cena_noc, kategorie, kapacita) values (50, 11525.7, 'Indigo', 1);
insert into Pokoj (id_pokoj, cena_noc, kategorie, kapacita) values (51, 12362.1, 'Purple', 5);
insert into Pokoj (id_pokoj, cena_noc, kategorie, kapacita) values (52, 12593.6, 'Puce', 2);
insert into Pokoj (id_pokoj, cena_noc, kategorie, kapacita) values (53, 2998.9, 'Fuscia', 1);
insert into Pokoj (id_pokoj, cena_noc, kategorie, kapacita) values (54, 4891.5, 'Puce', 5);
insert into Pokoj (id_pokoj, cena_noc, kategorie, kapacita) values (55, 5441.5, 'Purple', 5);
insert into Pokoj (id_pokoj, cena_noc, kategorie, kapacita) values (56, 14600.5, 'Goldenrod', 1);
insert into Pokoj (id_pokoj, cena_noc, kategorie, kapacita) values (57, 13560.7, 'Blue', 5);
insert into Pokoj (id_pokoj, cena_noc, kategorie, kapacita) values (58, 1442.8, 'Purple', 4);
insert into Pokoj (id_pokoj, cena_noc, kategorie, kapacita) values (59, 4191.0, 'Turquoise', 5);
insert into Pokoj (id_pokoj, cena_noc, kategorie, kapacita) values (60, 1064.9, 'Turquoise', 5);

-- vložení dat do tabulky: Pokoj_host

insert into Pokoj_host (id_pokoj_host, id_pokoj, id_host) values (1, 43, 15);
insert into Pokoj_host (id_pokoj_host, id_pokoj, id_host) values (2, 28, 24);
insert into Pokoj_host (id_pokoj_host, id_pokoj, id_host) values (3, 47, 1);
insert into Pokoj_host (id_pokoj_host, id_pokoj, id_host) values (4, 48, 5);
insert into Pokoj_host (id_pokoj_host, id_pokoj, id_host) values (5, 50, 37);
insert into Pokoj_host (id_pokoj_host, id_pokoj, id_host) values (6, 42, 12);
insert into Pokoj_host (id_pokoj_host, id_pokoj, id_host) values (7, 47, 28);
insert into Pokoj_host (id_pokoj_host, id_pokoj, id_host) values (8, 44, 50);
insert into Pokoj_host (id_pokoj_host, id_pokoj, id_host) values (9, 18, 3);
insert into Pokoj_host (id_pokoj_host, id_pokoj, id_host) values (10, 39, 49);
insert into Pokoj_host (id_pokoj_host, id_pokoj, id_host) values (11, 52, 2);
insert into Pokoj_host (id_pokoj_host, id_pokoj, id_host) values (12, 40, 34);
insert into Pokoj_host (id_pokoj_host, id_pokoj, id_host) values (13, 58, 8);
insert into Pokoj_host (id_pokoj_host, id_pokoj, id_host) values (14, 12, 23);
insert into Pokoj_host (id_pokoj_host, id_pokoj, id_host) values (15, 34, 11);
insert into Pokoj_host (id_pokoj_host, id_pokoj, id_host) values (16, 47, 31);
insert into Pokoj_host (id_pokoj_host, id_pokoj, id_host) values (17, 1, 57);
insert into Pokoj_host (id_pokoj_host, id_pokoj, id_host) values (18, 43, 15);
insert into Pokoj_host (id_pokoj_host, id_pokoj, id_host) values (19, 35, 56);
insert into Pokoj_host (id_pokoj_host, id_pokoj, id_host) values (20, 28, 59);
insert into Pokoj_host (id_pokoj_host, id_pokoj, id_host) values (21, 21, 10);
insert into Pokoj_host (id_pokoj_host, id_pokoj, id_host) values (22, 43, 48);
insert into Pokoj_host (id_pokoj_host, id_pokoj, id_host) values (23, 37, 14);
insert into Pokoj_host (id_pokoj_host, id_pokoj, id_host) values (24, 12, 54);
insert into Pokoj_host (id_pokoj_host, id_pokoj, id_host) values (25, 2, 44);
insert into Pokoj_host (id_pokoj_host, id_pokoj, id_host) values (26, 47, 57);
insert into Pokoj_host (id_pokoj_host, id_pokoj, id_host) values (27, 54, 13);
insert into Pokoj_host (id_pokoj_host, id_pokoj, id_host) values (28, 6, 25);
insert into Pokoj_host (id_pokoj_host, id_pokoj, id_host) values (29, 32, 58);
insert into Pokoj_host (id_pokoj_host, id_pokoj, id_host) values (30, 60, 32);
insert into Pokoj_host (id_pokoj_host, id_pokoj, id_host) values (31, 37, 8);
insert into Pokoj_host (id_pokoj_host, id_pokoj, id_host) values (32, 21, 59);
insert into Pokoj_host (id_pokoj_host, id_pokoj, id_host) values (33, 16, 52);
insert into Pokoj_host (id_pokoj_host, id_pokoj, id_host) values (34, 40, 25);
insert into Pokoj_host (id_pokoj_host, id_pokoj, id_host) values (35, 55, 2);
insert into Pokoj_host (id_pokoj_host, id_pokoj, id_host) values (36, 15, 22);
insert into Pokoj_host (id_pokoj_host, id_pokoj, id_host) values (37, 18, 7);
insert into Pokoj_host (id_pokoj_host, id_pokoj, id_host) values (38, 41, 36);
insert into Pokoj_host (id_pokoj_host, id_pokoj, id_host) values (39, 1, 34);
insert into Pokoj_host (id_pokoj_host, id_pokoj, id_host) values (40, 18, 41);
insert into Pokoj_host (id_pokoj_host, id_pokoj, id_host) values (41, 49, 28);
insert into Pokoj_host (id_pokoj_host, id_pokoj, id_host) values (42, 25, 27);
insert into Pokoj_host (id_pokoj_host, id_pokoj, id_host) values (43, 5, 3);
insert into Pokoj_host (id_pokoj_host, id_pokoj, id_host) values (44, 33, 9);
insert into Pokoj_host (id_pokoj_host, id_pokoj, id_host) values (45, 7, 47);
insert into Pokoj_host (id_pokoj_host, id_pokoj, id_host) values (46, 12, 7);
insert into Pokoj_host (id_pokoj_host, id_pokoj, id_host) values (47, 13, 14);
insert into Pokoj_host (id_pokoj_host, id_pokoj, id_host) values (48, 37, 27);
insert into Pokoj_host (id_pokoj_host, id_pokoj, id_host) values (49, 8, 20);
insert into Pokoj_host (id_pokoj_host, id_pokoj, id_host) values (50, 27, 50);
insert into Pokoj_host (id_pokoj_host, id_pokoj, id_host) values (51, 35, 47);
insert into Pokoj_host (id_pokoj_host, id_pokoj, id_host) values (52, 6, 39);
insert into Pokoj_host (id_pokoj_host, id_pokoj, id_host) values (53, 24, 20);
insert into Pokoj_host (id_pokoj_host, id_pokoj, id_host) values (54, 24, 26);
insert into Pokoj_host (id_pokoj_host, id_pokoj, id_host) values (55, 10, 33);
insert into Pokoj_host (id_pokoj_host, id_pokoj, id_host) values (56, 17, 55);
insert into Pokoj_host (id_pokoj_host, id_pokoj, id_host) values (57, 31, 52);
insert into Pokoj_host (id_pokoj_host, id_pokoj, id_host) values (58, 34, 33);
insert into Pokoj_host (id_pokoj_host, id_pokoj, id_host) values (59, 46, 47);
insert into Pokoj_host (id_pokoj_host, id_pokoj, id_host) values (60, 26, 47);

-- vložení dat do tabulky: Vybaveni

insert into Vybaveni (id_vybaveni, id_pokoj, nazev, cena, predchozi_stav, aktualni_stav) values (1, 21, 'Stůl', 1032, 'Nový', 'Nový');
insert into Vybaveni (id_vybaveni, id_pokoj, nazev, cena, predchozi_stav, aktualni_stav) values (2, 11, 'Stůl', 1032, 'Nový', 'Nový');
insert into Vybaveni (id_vybaveni, id_pokoj, nazev, cena, predchozi_stav, aktualni_stav) values (3, 55, 'Stůl', 1032, 'Nový', 'Nový');
insert into Vybaveni (id_vybaveni, id_pokoj, nazev, cena, predchozi_stav, aktualni_stav) values (4, 1, 'Stůl', 1032, 'Nový', 'Nový');
insert into Vybaveni (id_vybaveni, id_pokoj, nazev, cena, predchozi_stav, aktualni_stav) values (5, 47, 'Stůl', 1032, 'Nový', 'Nový');
insert into Vybaveni (id_vybaveni, id_pokoj, nazev, cena, predchozi_stav, aktualni_stav) values (6, 20, 'Stůl', 1032, 'Nový', 'Nový');
insert into Vybaveni (id_vybaveni, id_pokoj, nazev, cena, predchozi_stav, aktualni_stav) values (7, 13, 'Stůl', 1032, 'Nový', 'Nový');
insert into Vybaveni (id_vybaveni, id_pokoj, nazev, cena, predchozi_stav, aktualni_stav) values (8, 47, 'Stůl', 1032, 'Nový', 'Nový');
insert into Vybaveni (id_vybaveni, id_pokoj, nazev, cena, predchozi_stav, aktualni_stav) values (9, 19, 'Stůl', 1032, 'Nový', 'Nový');
insert into Vybaveni (id_vybaveni, id_pokoj, nazev, cena, predchozi_stav, aktualni_stav) values (10, 26, 'Stůl', 1032, 'Nový', 'Nový');
insert into Vybaveni (id_vybaveni, id_pokoj, nazev, cena, predchozi_stav, aktualni_stav) values (11, 36, 'Stůl', 1032, 'Nový', 'Rozbitý');
insert into Vybaveni (id_vybaveni, id_pokoj, nazev, cena, predchozi_stav, aktualni_stav) values (12, 11, 'Stůl', 1032, 'Rozbitý', 'Rozbitý');
insert into Vybaveni (id_vybaveni, id_pokoj, nazev, cena, predchozi_stav, aktualni_stav) values (13, 36, 'Židle', 481, 'Nový', 'Nový');
insert into Vybaveni (id_vybaveni, id_pokoj, nazev, cena, predchozi_stav, aktualni_stav) values (14, 10, 'Židle', 481, 'Nový', 'Nový');
insert into Vybaveni (id_vybaveni, id_pokoj, nazev, cena, predchozi_stav, aktualni_stav) values (15, 21, 'Židle', 481, 'Nový', 'Nový');
insert into Vybaveni (id_vybaveni, id_pokoj, nazev, cena, predchozi_stav, aktualni_stav) values (16, 8, 'Židle', 481, 'Nový', 'Nový');
insert into Vybaveni (id_vybaveni, id_pokoj, nazev, cena, predchozi_stav, aktualni_stav) values (17, 5, 'Židle', 481, 'Nový', 'Nový');
insert into Vybaveni (id_vybaveni, id_pokoj, nazev, cena, predchozi_stav, aktualni_stav) values (18, 25, 'Židle', 481, 'Nový', 'Nový');
insert into Vybaveni (id_vybaveni, id_pokoj, nazev, cena, predchozi_stav, aktualni_stav) values (19, 59, 'Židle', 481, 'Nový', 'Nový');
insert into Vybaveni (id_vybaveni, id_pokoj, nazev, cena, predchozi_stav, aktualni_stav) values (20, 25, 'Židle', 481, 'Nový', 'Nový');
insert into Vybaveni (id_vybaveni, id_pokoj, nazev, cena, predchozi_stav, aktualni_stav) values (21, 31, 'Židle', 481, 'Nový', 'Nový');
insert into Vybaveni (id_vybaveni, id_pokoj, nazev, cena, predchozi_stav, aktualni_stav) values (22, 55, 'Židle', 481, 'Nový', 'Nový');
insert into Vybaveni (id_vybaveni, id_pokoj, nazev, cena, predchozi_stav, aktualni_stav) values (23, 54, 'Židle', 481, 'Nový', 'Nový');
insert into Vybaveni (id_vybaveni, id_pokoj, nazev, cena, predchozi_stav, aktualni_stav) values (24, 59, 'Židle', 481, 'Nový', 'Rozbitý');
insert into Vybaveni (id_vybaveni, id_pokoj, nazev, cena, predchozi_stav, aktualni_stav) values (25, 57, 'Židle', 481, 'Nový', 'Rozbitý');
insert into Vybaveni (id_vybaveni, id_pokoj, nazev, cena, predchozi_stav, aktualni_stav) values (26, 2, 'Židle', 481, 'Nový', 'Rozbitý');
insert into Vybaveni (id_vybaveni, id_pokoj, nazev, cena, predchozi_stav, aktualni_stav) values (27, 52, 'Židle', 481, 'Rozbitý', 'Nový');
insert into Vybaveni (id_vybaveni, id_pokoj, nazev, cena, predchozi_stav, aktualni_stav) values (28, 44, 'Židle', 481, 'Rozbitý', 'Rozbitý');
insert into Vybaveni (id_vybaveni, id_pokoj, nazev, cena, predchozi_stav, aktualni_stav) values (29, 46, 'Židle', 481, 'Rozbitý', 'Rozbitý');
insert into Vybaveni (id_vybaveni, id_pokoj, nazev, cena, predchozi_stav, aktualni_stav) values (30, 21, 'Křeslo', 1441, 'Nový', 'Nový');
insert into Vybaveni (id_vybaveni, id_pokoj, nazev, cena, predchozi_stav, aktualni_stav) values (31, 31, 'Křeslo', 1441, 'Nový', 'Nový');
insert into Vybaveni (id_vybaveni, id_pokoj, nazev, cena, predchozi_stav, aktualni_stav) values (32, 1, 'Křeslo', 1441, 'Nový', 'Nový');
insert into Vybaveni (id_vybaveni, id_pokoj, nazev, cena, predchozi_stav, aktualni_stav) values (33, 25, 'Křeslo', 1441, 'Nový', 'Nový');
insert into Vybaveni (id_vybaveni, id_pokoj, nazev, cena, predchozi_stav, aktualni_stav) values (34, 2, 'Křeslo', 1441, 'Nový', 'Nový');
insert into Vybaveni (id_vybaveni, id_pokoj, nazev, cena, predchozi_stav, aktualni_stav) values (35, 18, 'Křeslo', 1441, 'Nový', 'Nový');
insert into Vybaveni (id_vybaveni, id_pokoj, nazev, cena, predchozi_stav, aktualni_stav) values (36, 21, 'Křeslo', 1441, 'Nový', 'Nový');
insert into Vybaveni (id_vybaveni, id_pokoj, nazev, cena, predchozi_stav, aktualni_stav) values (37, 4, 'Křeslo', 1441, 'Nový', 'Nový');
insert into Vybaveni (id_vybaveni, id_pokoj, nazev, cena, predchozi_stav, aktualni_stav) values (38, 29, 'Křeslo', 1441, 'Nový', 'Nový');
insert into Vybaveni (id_vybaveni, id_pokoj, nazev, cena, predchozi_stav, aktualni_stav) values (39, 16, 'Křeslo', 1441, 'Nový', 'Nový');
insert into Vybaveni (id_vybaveni, id_pokoj, nazev, cena, predchozi_stav, aktualni_stav) values (40, 49, 'Křeslo', 1441, 'Nový', 'Nový');
insert into Vybaveni (id_vybaveni, id_pokoj, nazev, cena, predchozi_stav, aktualni_stav) values (41, 18, 'Křeslo', 1441, 'Rozbitý', 'Nový');
insert into Vybaveni (id_vybaveni, id_pokoj, nazev, cena, predchozi_stav, aktualni_stav) values (42, 16, 'Televize', 1780, 'Nový', 'Nový');
insert into Vybaveni (id_vybaveni, id_pokoj, nazev, cena, predchozi_stav, aktualni_stav) values (43, 30, 'Televize', 1780, 'Nový', 'Nový');
insert into Vybaveni (id_vybaveni, id_pokoj, nazev, cena, predchozi_stav, aktualni_stav) values (44, 11, 'Televize', 1780, 'Nový', 'Nový');
insert into Vybaveni (id_vybaveni, id_pokoj, nazev, cena, predchozi_stav, aktualni_stav) values (45, 48, 'Televize', 1780, 'Nový', 'Nový');
insert into Vybaveni (id_vybaveni, id_pokoj, nazev, cena, predchozi_stav, aktualni_stav) values (46, 51, 'Televize', 1780, 'Nový', 'Nový');
insert into Vybaveni (id_vybaveni, id_pokoj, nazev, cena, predchozi_stav, aktualni_stav) values (47, 21, 'Televize', 1780, 'Nový', 'Nový');
insert into Vybaveni (id_vybaveni, id_pokoj, nazev, cena, predchozi_stav, aktualni_stav) values (48, 35, 'Televize', 1780, 'Nový', 'Nový');
insert into Vybaveni (id_vybaveni, id_pokoj, nazev, cena, predchozi_stav, aktualni_stav) values (49, 27, 'Televize', 1780, 'Rozbitý', 'Nový');
insert into Vybaveni (id_vybaveni, id_pokoj, nazev, cena, predchozi_stav, aktualni_stav) values (50, 32, 'Televize', 1780, 'Rozbitý', 'Rozbitý');

-- vložení dat do tabulky: Objednatel

insert into Objednatel (id_host, id_adresa, telefon, email, druh_dokladu, cislo_dokladu) values (1, 68, 280000000, 'lblunn0@networkadvertising.org', 'Občanský průkaz', '6268299531');
insert into Objednatel (id_host, id_adresa, telefon, email, druh_dokladu, cislo_dokladu) values (2, 59, 270000000, 'ygardner1@netlog.com', 'Občanský průkaz', '2368983813');
insert into Objednatel (id_host, id_adresa, telefon, email, druh_dokladu, cislo_dokladu) values (3, 50, 370000000, 'tcarragher2@forbes.com', 'Občanský průkaz', '6600661402');
insert into Objednatel (id_host, id_adresa, telefon, email, druh_dokladu, cislo_dokladu) values (4, 43, 130000000, 'psouthcott3@nasa.gov', 'Občanský průkaz', '5639229756');
insert into Objednatel (id_host, id_adresa, telefon, email, druh_dokladu, cislo_dokladu) values (5, 80, 500000000, 'tcunde4@senate.gov', 'Cestovní pas', '8319372038');
insert into Objednatel (id_host, id_adresa, telefon, email, druh_dokladu, cislo_dokladu) values (6, 60, 580000000, 'kmorefield5@oaic.gov.au', 'Občanský průkaz', '1172618895');
insert into Objednatel (id_host, id_adresa, telefon, email, druh_dokladu, cislo_dokladu) values (7, 76, 310000000, 'ssheekey6@google.ru', 'Občanský průkaz', '1168481171');
insert into Objednatel (id_host, id_adresa, telefon, email, druh_dokladu, cislo_dokladu) values (8, 28, 120000000, 'cdrable7@amazon.co.uk', 'Občanský průkaz', '5275042027');
insert into Objednatel (id_host, id_adresa, telefon, email, druh_dokladu, cislo_dokladu) values (9, 42, 250000000, 'ucunrado8@mozilla.org', 'Občanský průkaz', '3023536481');
insert into Objednatel (id_host, id_adresa, telefon, email, druh_dokladu, cislo_dokladu) values (10, 2, 440000000, 'bcaisley9@miitbeian.gov.cn', 'Občanský průkaz', '9698476555');
insert into Objednatel (id_host, id_adresa, telefon, email, druh_dokladu, cislo_dokladu) values (11, 9, 190000000, 'awoodroffea@php.net', 'Cestovní pas', '4765408302');
insert into Objednatel (id_host, id_adresa, telefon, email, druh_dokladu, cislo_dokladu) values (12, 61, 430000000, 'mtescheb@nationalgeographic.com', 'Občanský průkaz', '3641764416');
insert into Objednatel (id_host, id_adresa, telefon, email, druh_dokladu, cislo_dokladu) values (13, 97, 40000000, 'agooderickc@reddit.com', 'Občanský průkaz', '3647466352');
insert into Objednatel (id_host, id_adresa, telefon, email, druh_dokladu, cislo_dokladu) values (14, 8, 380000000, 'slitherlandd@about.com', 'Občanský průkaz', '8133614082');
insert into Objednatel (id_host, id_adresa, telefon, email, druh_dokladu, cislo_dokladu) values (15, 51, 110000000, 'aoliveye@goodreads.com', 'Cestovní pas', '8990342228');
insert into Objednatel (id_host, id_adresa, telefon, email, druh_dokladu, cislo_dokladu) values (16, 52, 130000000, 'cmussingtonf@webeden.co.uk', 'Cestovní pas', '3890165117');
insert into Objednatel (id_host, id_adresa, telefon, email, druh_dokladu, cislo_dokladu) values (17, 36, 200000000, 'chospitalg@washington.edu', 'Občanský průkaz', '5769241411');
insert into Objednatel (id_host, id_adresa, telefon, email, druh_dokladu, cislo_dokladu) values (18, 41, 60000000, 'champshawh@thetimes.co.uk', 'Občanský průkaz', '6470910920');
insert into Objednatel (id_host, id_adresa, telefon, email, druh_dokladu, cislo_dokladu) values (19, 9, 20000000, 'ppharroi@abc.net.au', 'Občanský průkaz', '6834513833');
insert into Objednatel (id_host, id_adresa, telefon, email, druh_dokladu, cislo_dokladu) values (20, 22, 210000000, 'bjoicej@wired.com', 'Občanský průkaz', '9207240904');
insert into Objednatel (id_host, id_adresa, telefon, email, druh_dokladu, cislo_dokladu) values (21, 46, 50000000, 'mscottinik@intel.com', 'Občanský průkaz', '1815670142');
insert into Objednatel (id_host, id_adresa, telefon, email, druh_dokladu, cislo_dokladu) values (22, 83, 380000000, 'rdeasl@opera.com', 'Občanský průkaz', '5361383406');
insert into Objednatel (id_host, id_adresa, telefon, email, druh_dokladu, cislo_dokladu) values (23, 34, 570000000, 'mmoseleym@newsvine.com', 'Občanský průkaz', '3523821533');
insert into Objednatel (id_host, id_adresa, telefon, email, druh_dokladu, cislo_dokladu) values (24, 34, 220000000, 'aflancinbaumn@github.io', 'Občanský průkaz', '9263327181');
insert into Objednatel (id_host, id_adresa, telefon, email, druh_dokladu, cislo_dokladu) values (25, 65, 480000000, 'cllopo@buzzfeed.com', 'Občanský průkaz', '3672896381');
insert into Objednatel (id_host, id_adresa, telefon, email, druh_dokladu, cislo_dokladu) values (26, 8, 310000000, 'jgiacobiliop@infoseek.co.jp', 'Cestovní pas', '9412400381');
insert into Objednatel (id_host, id_adresa, telefon, email, druh_dokladu, cislo_dokladu) values (27, 76, 100000000, 'idelueq@webeden.co.uk', 'Občanský průkaz', '2081225379');
insert into Objednatel (id_host, id_adresa, telefon, email, druh_dokladu, cislo_dokladu) values (28, 94, 100000000, 'cengledowr@hp.com', 'Cestovní pas', '9733861340');
insert into Objednatel (id_host, id_adresa, telefon, email, druh_dokladu, cislo_dokladu) values (29, 11, 300000000, 'creekens@plala.or.jp', 'Občanský průkaz', '8628112464');
insert into Objednatel (id_host, id_adresa, telefon, email, druh_dokladu, cislo_dokladu) values (30, 21, 470000000, 'fmoogant@nba.com', 'Občanský průkaz', '8392877438');
insert into Objednatel (id_host, id_adresa, telefon, email, druh_dokladu, cislo_dokladu) values (31, 78, 20000000, 'hlarmouthu@usnews.com', 'Cestovní pas', '3198104726');
insert into Objednatel (id_host, id_adresa, telefon, email, druh_dokladu, cislo_dokladu) values (32, 18, 170000000, 'srodnightv@bigcartel.com', 'Občanský průkaz', '3026776521');
insert into Objednatel (id_host, id_adresa, telefon, email, druh_dokladu, cislo_dokladu) values (33, 85, 450000000, 'msugarw@tripadvisor.com', 'Občanský průkaz', '5194969945');
insert into Objednatel (id_host, id_adresa, telefon, email, druh_dokladu, cislo_dokladu) values (34, 73, 330000000, 'aridulfox@cbslocal.com', 'Cestovní pas', '5793611606');
insert into Objednatel (id_host, id_adresa, telefon, email, druh_dokladu, cislo_dokladu) values (35, 78, 350000000, 'mwoodwiny@sphinn.com', 'Občanský průkaz', '0234979208');
insert into Objednatel (id_host, id_adresa, telefon, email, druh_dokladu, cislo_dokladu) values (36, 73, 240000000, 'gperrinz@mysql.com', 'Občanský průkaz', '3241167283');
insert into Objednatel (id_host, id_adresa, telefon, email, druh_dokladu, cislo_dokladu) values (37, 57, 80000000, 'dhackley10@nationalgeographic.com', 'Cestovní pas', '4390403834');
insert into Objednatel (id_host, id_adresa, telefon, email, druh_dokladu, cislo_dokladu) values (38, 45, 90000000, 'iballantyne11@parallels.com', 'Cestovní pas', '0882123769');
insert into Objednatel (id_host, id_adresa, telefon, email, druh_dokladu, cislo_dokladu) values (39, 2, 200000000, 'kbastiman12@edublogs.org', 'Cestovní pas', '8984263524');
insert into Objednatel (id_host, id_adresa, telefon, email, druh_dokladu, cislo_dokladu) values (40, 13, 300000000, 'spothecary13@mayoclinic.com', 'Cestovní pas', '3135882659');
insert into Objednatel (id_host, id_adresa, telefon, email, druh_dokladu, cislo_dokladu) values (41, 60, 400000000, 'tcunnington14@ca.gov', 'Občanský průkaz', '4309952267');
insert into Objednatel (id_host, id_adresa, telefon, email, druh_dokladu, cislo_dokladu) values (42, 90, 450000000, 'kwarder15@devhub.com', 'Občanský průkaz', '4365160826');
insert into Objednatel (id_host, id_adresa, telefon, email, druh_dokladu, cislo_dokladu) values (43, 48, 470000000, 'vwhistan16@ebay.co.uk', 'Občanský průkaz', '5180568706');
insert into Objednatel (id_host, id_adresa, telefon, email, druh_dokladu, cislo_dokladu) values (44, 48, 500000006, 'gredington17@netlog.com', 'Občanský průkaz', '8691211482');
insert into Objednatel (id_host, id_adresa, telefon, email, druh_dokladu, cislo_dokladu) values (45, 80, 200000006, 'dvanhove18@addtoany.com', 'Občanský průkaz', '3512799027');
insert into Objednatel (id_host, id_adresa, telefon, email, druh_dokladu, cislo_dokladu) values (46, 12, 100000005, 'gcastagne19@xinhuanet.com', 'Občanský průkaz', '0924692529');
insert into Objednatel (id_host, id_adresa, telefon, email, druh_dokladu, cislo_dokladu) values (47, 72, 400000006, 'dbadsworth1a@illinois.edu', 'Občanský průkaz', '7539003715');
insert into Objednatel (id_host, id_adresa, telefon, email, druh_dokladu, cislo_dokladu) values (48, 69, 200000004, 'slenney1b@sina.com.cn', 'Občanský průkaz', '6539133391');
insert into Objednatel (id_host, id_adresa, telefon, email, druh_dokladu, cislo_dokladu) values (49, 17, 200000001, 'thuggins1c@oaic.gov.au', 'Cestovní pas', '2902915225');
insert into Objednatel (id_host, id_adresa, telefon, email, druh_dokladu, cislo_dokladu) values (50, 60, 200000000, 'ndefond1d@google.nl', 'Cestovní pas', '7898549953');
insert into Objednatel (id_host, id_adresa, telefon, email, druh_dokladu, cislo_dokladu) values (51, 5, 300000008, 'vbecaris1e@ox.ac.uk', 'Občanský průkaz', '1736050257');
insert into Objednatel (id_host, id_adresa, telefon, email, druh_dokladu, cislo_dokladu) values (52, 85, 500000009, 'kharbron1f@aol.com', 'Občanský průkaz', '6530592172');
insert into Objednatel (id_host, id_adresa, telefon, email, druh_dokladu, cislo_dokladu) values (53, 63, 500000001, 'dfossick1g@auda.org.au', 'Občanský průkaz', '0296248924');
insert into Objednatel (id_host, id_adresa, telefon, email, druh_dokladu, cislo_dokladu) values (54, 33, 100000000, 'mcalbaithe1h@google.fr', 'Občanský průkaz', '3726492933');
insert into Objednatel (id_host, id_adresa, telefon, email, druh_dokladu, cislo_dokladu) values (55, 74, 500000001, 'aprisk1i@berkeley.edu', 'Občanský průkaz', '8645583704');
insert into Objednatel (id_host, id_adresa, telefon, email, druh_dokladu, cislo_dokladu) values (56, 85, 70000000, 'gbrideau1j@ovh.net', 'Cestovní pas', '2074616546');
insert into Objednatel (id_host, id_adresa, telefon, email, druh_dokladu, cislo_dokladu) values (57, 27, 300000008, 'zcornelleau1k@slideshare.net', 'Občanský průkaz', '5613024731');
insert into Objednatel (id_host, id_adresa, telefon, email, druh_dokladu, cislo_dokladu) values (58, 29, 500000009, 'jcreelman1l@cafepress.com', 'Cestovní pas', '4849493351');
insert into Objednatel (id_host, id_adresa, telefon, email, druh_dokladu, cislo_dokladu) values (59, 21, 200000008, 'roran1m@goodreads.com', 'Cestovní pas', '2054294640');
insert into Objednatel (id_host, id_adresa, telefon, email, druh_dokladu, cislo_dokladu) values (60, 45, 100000000, 'tpigot1n@domainmarket.com', 'Občanský průkaz', '5046417081');
insert into Objednatel (id_host, id_adresa, telefon, email, druh_dokladu, cislo_dokladu) values (61, 43, 320000000, 'myonnie1o@ucoz.ru', 'Cestovní pas', '9941662568');
insert into Objednatel (id_host, id_adresa, telefon, email, druh_dokladu, cislo_dokladu) values (62, 36, 100000001, 'jdreng1p@mac.com', 'Cestovní pas', '7570116879');
insert into Objednatel (id_host, id_adresa, telefon, email, druh_dokladu, cislo_dokladu) values (63, 75, 200000002, 'sdavidy1q@jalbum.net', 'Cestovní pas', '9403103078');
insert into Objednatel (id_host, id_adresa, telefon, email, druh_dokladu, cislo_dokladu) values (64, 97, 400000003, 'lperl1r@paginegialle.it', 'Cestovní pas', '1597474916');
insert into Objednatel (id_host, id_adresa, telefon, email, druh_dokladu, cislo_dokladu) values (65, 40, 500000008, 'senticknap1s@nyu.edu', 'Občanský průkaz', '7572365787');
insert into Objednatel (id_host, id_adresa, telefon, email, druh_dokladu, cislo_dokladu) values (66, 47, 400000009, 'lmerton1t@google.es', 'Občanský průkaz', '9360579890');
insert into Objednatel (id_host, id_adresa, telefon, email, druh_dokladu, cislo_dokladu) values (67, 35, 500000004, 'agianelli1u@discovery.com', 'Cestovní pas', '9114482835');
insert into Objednatel (id_host, id_adresa, telefon, email, druh_dokladu, cislo_dokladu) values (68, 94, 570000000, 'etorald1v@webnode.com', 'Občanský průkaz', '4747832084');
insert into Objednatel (id_host, id_adresa, telefon, email, druh_dokladu, cislo_dokladu) values (69, 41, 20000000, 'blamas1w@about.me', 'Cestovní pas', '8702941430');
insert into Objednatel (id_host, id_adresa, telefon, email, druh_dokladu, cislo_dokladu) values (70, 64, 100000003, 'sriddett1x@blogtalkradio.com', 'Občanský průkaz', '3662970848');
insert into Objednatel (id_host, id_adresa, telefon, email, druh_dokladu, cislo_dokladu) values (71, 59, 300000008, 'sfeldman1y@slashdot.org', 'Cestovní pas', '0922718822');
insert into Objednatel (id_host, id_adresa, telefon, email, druh_dokladu, cislo_dokladu) values (72, 32, 100000008, 'otogwell1z@google.de', 'Občanský průkaz', '8800600735');
insert into Objednatel (id_host, id_adresa, telefon, email, druh_dokladu, cislo_dokladu) values (73, 36, 260000000, 'sbarnbrook20@xinhuanet.com', 'Cestovní pas', '2619852269');
insert into Objednatel (id_host, id_adresa, telefon, email, druh_dokladu, cislo_dokladu) values (74, 28, 340000000, 'jerrigo21@cyberchimps.com', 'Cestovní pas', '3794903064');
insert into Objednatel (id_host, id_adresa, telefon, email, druh_dokladu, cislo_dokladu) values (75, 56, 390000000, 'umcchesney22@oaic.gov.au', 'Občanský průkaz', '2780507853');
insert into Objednatel (id_host, id_adresa, telefon, email, druh_dokladu, cislo_dokladu) values (76, 28, 500000000, 'ccoleman23@bbb.org', 'Občanský průkaz', '7015506874');
insert into Objednatel (id_host, id_adresa, telefon, email, druh_dokladu, cislo_dokladu) values (77, 82, 590000000, 'lgamage24@printfriendly.com', 'Občanský průkaz', '2944772732');
insert into Objednatel (id_host, id_adresa, telefon, email, druh_dokladu, cislo_dokladu) values (78, 28, 580000000, 'kconaghan25@cdc.gov', 'Občanský průkaz', '7418057849');
insert into Objednatel (id_host, id_adresa, telefon, email, druh_dokladu, cislo_dokladu) values (79, 42, 90000000, 'rscough26@istockphoto.com', 'Občanský průkaz', '5898603964');
insert into Objednatel (id_host, id_adresa, telefon, email, druh_dokladu, cislo_dokladu) values (80, 92, 370000000, 'zwillbond27@sourceforge.net', 'Občanský průkaz', '7830343853');
-- vložení dat do tabulky: Objednavka

insert into Objednavka (id_objednavka, id_host, id_pokoj, stav_objednavky, datum_zalozeni, datum_prijezdu, datum_odjezdu) values (1, 15, 45, 'Založena', '2021-08-20', '2021-12-17', '2022-04-21');
insert into Objednavka (id_objednavka, id_host, id_pokoj, stav_objednavky, datum_zalozeni, datum_prijezdu, datum_odjezdu) values (2, 35, 3, 'Potvrzena', '2021-10-03', '2022-02-24', '2022-04-19');
insert into Objednavka (id_objednavka, id_host, id_pokoj, stav_objednavky, datum_zalozeni, datum_prijezdu, datum_odjezdu) values (3, 34, 12, 'Vyřízena', '2021-08-28', '2022-04-17', '2022-03-08');
insert into Objednavka (id_objednavka, id_host, id_pokoj, stav_objednavky, datum_zalozeni, datum_prijezdu, datum_odjezdu) values (4, 75, 57, 'Založena', '2021-05-20', '2022-02-02', '2022-03-18');
insert into Objednavka (id_objednavka, id_host, id_pokoj, stav_objednavky, datum_zalozeni, datum_prijezdu, datum_odjezdu) values (5, 15, 1, 'Založena', '2021-08-21', '2022-04-05', '2022-03-06');
insert into Objednavka (id_objednavka, id_host, id_pokoj, stav_objednavky, datum_zalozeni, datum_prijezdu, datum_odjezdu) values (6, 46, 54, 'Založena', '2021-05-17', '2022-02-16', '2022-03-21');
insert into Objednavka (id_objednavka, id_host, id_pokoj, stav_objednavky, datum_zalozeni, datum_prijezdu, datum_odjezdu) values (7, 42, 15, 'Založena', '2021-07-06', '2022-02-10', '2022-03-25');
insert into Objednavka (id_objednavka, id_host, id_pokoj, stav_objednavky, datum_zalozeni, datum_prijezdu, datum_odjezdu) values (8, 39, 22, 'Založena', '2021-06-07', '2022-04-17', '2022-04-12');
insert into Objednavka (id_objednavka, id_host, id_pokoj, stav_objednavky, datum_zalozeni, datum_prijezdu, datum_odjezdu) values (9, 68, 55, 'Založena', '2021-09-07', '2022-01-05', '2022-03-27');
insert into Objednavka (id_objednavka, id_host, id_pokoj, stav_objednavky, datum_zalozeni, datum_prijezdu, datum_odjezdu) values (10, 3, 49, 'Založena', '2021-10-10', '2022-01-01', '2022-04-28');
insert into Objednavka (id_objednavka, id_host, id_pokoj, stav_objednavky, datum_zalozeni, datum_prijezdu, datum_odjezdu) values (11, 72, 49, 'Založena', '2021-05-07', '2022-02-02', '2022-02-03');
insert into Objednavka (id_objednavka, id_host, id_pokoj, stav_objednavky, datum_zalozeni, datum_prijezdu, datum_odjezdu) values (12, 21, 23, 'Založena', '2021-05-04', '2022-03-27', '2022-03-21');
insert into Objednavka (id_objednavka, id_host, id_pokoj, stav_objednavky, datum_zalozeni, datum_prijezdu, datum_odjezdu) values (13, 15, 19, 'Založena', '2021-08-02', '2022-04-26', '2022-04-05');
insert into Objednavka (id_objednavka, id_host, id_pokoj, stav_objednavky, datum_zalozeni, datum_prijezdu, datum_odjezdu) values (14, 6, 46, 'Založena', '2021-10-17', '2021-12-14', '2022-02-02');
insert into Objednavka (id_objednavka, id_host, id_pokoj, stav_objednavky, datum_zalozeni, datum_prijezdu, datum_odjezdu) values (15, 30, 27, 'Potvrzena', '2021-05-23', '2022-04-17', '2022-04-22');
insert into Objednavka (id_objednavka, id_host, id_pokoj, stav_objednavky, datum_zalozeni, datum_prijezdu, datum_odjezdu) values (16, 78, 29, 'Potvrzena', '2021-06-01', '2022-01-26', '2022-02-02');
insert into Objednavka (id_objednavka, id_host, id_pokoj, stav_objednavky, datum_zalozeni, datum_prijezdu, datum_odjezdu) values (17, 67, 43, 'Potvrzena', '2021-05-31', '2022-02-03', '2022-03-03');
insert into Objednavka (id_objednavka, id_host, id_pokoj, stav_objednavky, datum_zalozeni, datum_prijezdu, datum_odjezdu) values (18, 26, 28, 'Potvrzena', '2021-10-31', '2022-03-25', '2022-04-28');
insert into Objednavka (id_objednavka, id_host, id_pokoj, stav_objednavky, datum_zalozeni, datum_prijezdu, datum_odjezdu) values (19, 22, 34, 'Potvrzena', '2021-05-21', '2022-02-23', '2022-04-15');
insert into Objednavka (id_objednavka, id_host, id_pokoj, stav_objednavky, datum_zalozeni, datum_prijezdu, datum_odjezdu) values (20, 27, 23, 'Potvrzena', '2021-10-04', '2022-02-25', '2022-03-15');
insert into Objednavka (id_objednavka, id_host, id_pokoj, stav_objednavky, datum_zalozeni, datum_prijezdu, datum_odjezdu) values (21, 76, 51, 'Potvrzena', '2021-06-04', '2022-03-04', '2022-04-10');
insert into Objednavka (id_objednavka, id_host, id_pokoj, stav_objednavky, datum_zalozeni, datum_prijezdu, datum_odjezdu) values (22, 55, 19, 'Potvrzena', '2021-09-06', '2022-04-11', '2022-03-11');
insert into Objednavka (id_objednavka, id_host, id_pokoj, stav_objednavky, datum_zalozeni, datum_prijezdu, datum_odjezdu) values (23, 74, 12, 'Potvrzena', '2021-10-12', '2022-04-14', '2022-04-18');
insert into Objednavka (id_objednavka, id_host, id_pokoj, stav_objednavky, datum_zalozeni, datum_prijezdu, datum_odjezdu) values (24, 70, 58, 'Potvrzena', '2021-08-22', '2021-12-02', '2022-04-26');
insert into Objednavka (id_objednavka, id_host, id_pokoj, stav_objednavky, datum_zalozeni, datum_prijezdu, datum_odjezdu) values (25, 2, 15, 'Potvrzena', '2021-09-10', '2022-01-22', '2022-03-29');
insert into Objednavka (id_objednavka, id_host, id_pokoj, stav_objednavky, datum_zalozeni, datum_prijezdu, datum_odjezdu) values (26, 23, 51, 'Potvrzena', '2021-10-19', '2022-01-05', '2022-04-19');
insert into Objednavka (id_objednavka, id_host, id_pokoj, stav_objednavky, datum_zalozeni, datum_prijezdu, datum_odjezdu) values (27, 71, 59, 'Potvrzena', '2021-10-16', '2022-04-09', '2022-04-27');
insert into Objednavka (id_objednavka, id_host, id_pokoj, stav_objednavky, datum_zalozeni, datum_prijezdu, datum_odjezdu) values (28, 17, 9, 'Potvrzena', '2021-07-28', '2022-04-29', '2022-04-20');
insert into Objednavka (id_objednavka, id_host, id_pokoj, stav_objednavky, datum_zalozeni, datum_prijezdu, datum_odjezdu) values (29, 4, 15, 'Potvrzena', '2021-07-21', '2022-03-01', '2022-03-11');
insert into Objednavka (id_objednavka, id_host, id_pokoj, stav_objednavky, datum_zalozeni, datum_prijezdu, datum_odjezdu) values (30, 34, 45, 'Vyřízena', '2021-08-20', '2021-12-22', '2022-03-13');
insert into Objednavka (id_objednavka, id_host, id_pokoj, stav_objednavky, datum_zalozeni, datum_prijezdu, datum_odjezdu) values (31, 61, 27, 'Vyřízena', '2021-05-08', '2022-01-07', '2022-04-22');
insert into Objednavka (id_objednavka, id_host, id_pokoj, stav_objednavky, datum_zalozeni, datum_prijezdu, datum_odjezdu) values (32, 44, 37, 'Vyřízena', '2021-05-24', '2022-02-24', '2022-04-04');
insert into Objednavka (id_objednavka, id_host, id_pokoj, stav_objednavky, datum_zalozeni, datum_prijezdu, datum_odjezdu) values (33, 37, 27, 'Vyřízena', '2021-05-05', '2022-01-20', '2022-03-07');
insert into Objednavka (id_objednavka, id_host, id_pokoj, stav_objednavky, datum_zalozeni, datum_prijezdu, datum_odjezdu) values (34, 21, 2, 'Vyřízena', '2021-08-10', '2022-02-19', '2022-04-20');
insert into Objednavka (id_objednavka, id_host, id_pokoj, stav_objednavky, datum_zalozeni, datum_prijezdu, datum_odjezdu) values (35, 67, 27, 'Vyřízena', '2021-08-18', '2022-04-28', '2022-04-29');
insert into Objednavka (id_objednavka, id_host, id_pokoj, stav_objednavky, datum_zalozeni, datum_prijezdu, datum_odjezdu) values (36, 12, 29, 'Vyřízena', '2021-08-11', '2022-04-25', '2022-04-26');
insert into Objednavka (id_objednavka, id_host, id_pokoj, stav_objednavky, datum_zalozeni, datum_prijezdu, datum_odjezdu) values (37, 69, 56, 'Vyřízena', '2021-06-07', '2021-12-04', '2022-03-25');
insert into Objednavka (id_objednavka, id_host, id_pokoj, stav_objednavky, datum_zalozeni, datum_prijezdu, datum_odjezdu) values (38, 8, 40, 'Vyřízena', '2021-10-19', '2021-12-13', '2022-03-22');
insert into Objednavka (id_objednavka, id_host, id_pokoj, stav_objednavky, datum_zalozeni, datum_prijezdu, datum_odjezdu) values (39, 60, 56, 'Vyřízena', '2021-07-04', '2021-12-28', '2022-04-25');
insert into Objednavka (id_objednavka, id_host, id_pokoj, stav_objednavky, datum_zalozeni, datum_prijezdu, datum_odjezdu) values (40, 35, 52, 'Vyřízena', '2021-07-24', '2022-03-29', '2022-04-21');
insert into Objednavka (id_objednavka, id_host, id_pokoj, stav_objednavky, datum_zalozeni, datum_prijezdu, datum_odjezdu) values (41, 72, 8, 'Vyřízena', '2021-05-08', '2022-04-25', '2022-03-18');
insert into Objednavka (id_objednavka, id_host, id_pokoj, stav_objednavky, datum_zalozeni, datum_prijezdu, datum_odjezdu) values (42, 74, 29, 'Vyřízena', '2021-07-29', '2022-03-21', '2022-04-26');
insert into Objednavka (id_objednavka, id_host, id_pokoj, stav_objednavky, datum_zalozeni, datum_prijezdu, datum_odjezdu) values (43, 55, 58, 'Vyřízena', '2021-08-03', '2022-02-12', '2022-03-04');
insert into Objednavka (id_objednavka, id_host, id_pokoj, stav_objednavky, datum_zalozeni, datum_prijezdu, datum_odjezdu) values (44, 56, 33, 'Vyřízena', '2021-09-19', '2022-03-23', '2022-04-01');
insert into Objednavka (id_objednavka, id_host, id_pokoj, stav_objednavky, datum_zalozeni, datum_prijezdu, datum_odjezdu) values (45, 24, 8, 'Vyřízena', '2021-10-16', '2022-01-30', '2022-04-05');
insert into Objednavka (id_objednavka, id_host, id_pokoj, stav_objednavky, datum_zalozeni, datum_prijezdu, datum_odjezdu) values (46, 18, 20, 'Vyřízena', '2021-08-01', '2021-12-21', '2022-04-14');
insert into Objednavka (id_objednavka, id_host, id_pokoj, stav_objednavky, datum_zalozeni, datum_prijezdu, datum_odjezdu) values (47, 8, 47, 'Vyřízena', '2021-08-25', '2022-01-26', '2022-04-22');
insert into Objednavka (id_objednavka, id_host, id_pokoj, stav_objednavky, datum_zalozeni, datum_prijezdu, datum_odjezdu) values (48, 2, 57, 'Vyřízena', '2021-06-20', '2022-01-19', '2022-03-16');
insert into Objednavka (id_objednavka, id_host, id_pokoj, stav_objednavky, datum_zalozeni, datum_prijezdu, datum_odjezdu) values (49, 67, 24, 'Vyřízena', '2021-09-26', '2022-01-23', '2022-04-17');
insert into Objednavka (id_objednavka, id_host, id_pokoj, stav_objednavky, datum_zalozeni, datum_prijezdu, datum_odjezdu) values (50, 18, 40, 'Vyřízena', '2021-05-13', '2022-03-10', '2022-03-29');
insert into Objednavka (id_objednavka, id_host, id_pokoj, stav_objednavky, datum_zalozeni, datum_prijezdu, datum_odjezdu) values (51, 38, 6, 'Vyřízena', '2021-08-04', '2022-04-14', '2022-03-07');
insert into Objednavka (id_objednavka, id_host, id_pokoj, stav_objednavky, datum_zalozeni, datum_prijezdu, datum_odjezdu) values (52, 63, 31, 'Vyřízena', '2021-06-15', '2022-03-28', '2022-03-02');
insert into Objednavka (id_objednavka, id_host, id_pokoj, stav_objednavky, datum_zalozeni, datum_prijezdu, datum_odjezdu) values (53, 31, 49, 'Vyřízena', '2021-10-13', '2022-01-23', '2022-03-29');
insert into Objednavka (id_objednavka, id_host, id_pokoj, stav_objednavky, datum_zalozeni, datum_prijezdu, datum_odjezdu) values (54, 57, 32, 'Vyřízena', '2021-09-24', '2022-01-16', '2022-04-22');
insert into Objednavka (id_objednavka, id_host, id_pokoj, stav_objednavky, datum_zalozeni, datum_prijezdu, datum_odjezdu) values (55, 14, 29, 'Vyřízena', '2021-10-13', '2022-01-19', '2022-03-21');
insert into Objednavka (id_objednavka, id_host, id_pokoj, stav_objednavky, datum_zalozeni, datum_prijezdu, datum_odjezdu) values (56, 29, 12, 'Vyřízena', '2021-09-23', '2021-12-20', '2022-03-25');
insert into Objednavka (id_objednavka, id_host, id_pokoj, stav_objednavky, datum_zalozeni, datum_prijezdu, datum_odjezdu) values (57, 28, 21, 'Vyřízena', '2021-06-15', '2022-03-03', '2022-03-25');
insert into Objednavka (id_objednavka, id_host, id_pokoj, stav_objednavky, datum_zalozeni, datum_prijezdu, datum_odjezdu) values (58, 68, 17, 'Vyřízena', '2021-09-10', '2022-03-25', '2022-04-12');
insert into Objednavka (id_objednavka, id_host, id_pokoj, stav_objednavky, datum_zalozeni, datum_prijezdu, datum_odjezdu) values (59, 1, 21, 'Vyřízena', '2021-06-06', '2022-03-14', '2022-04-11');
insert into Objednavka (id_objednavka, id_host, id_pokoj, stav_objednavky, datum_zalozeni, datum_prijezdu, datum_odjezdu) values (60, 43, 12, 'Vyřízena', '2021-05-18', '2022-03-29', '2022-03-15');
insert into Objednavka (id_objednavka, id_host, id_pokoj, stav_objednavky, datum_zalozeni, datum_prijezdu, datum_odjezdu) values (61, 4, 49, 'Vyřízena', '2021-07-06', '2022-02-02', '2022-03-14');
insert into Objednavka (id_objednavka, id_host, id_pokoj, stav_objednavky, datum_zalozeni, datum_prijezdu, datum_odjezdu) values (62, 14, 43, 'Vyřízena', '2021-05-16', '2022-04-01', '2022-03-01');
insert into Objednavka (id_objednavka, id_host, id_pokoj, stav_objednavky, datum_zalozeni, datum_prijezdu, datum_odjezdu) values (63, 13, 6, 'Vyřízena', '2021-07-12', '2022-02-06', '2022-04-25');
insert into Objednavka (id_objednavka, id_host, id_pokoj, stav_objednavky, datum_zalozeni, datum_prijezdu, datum_odjezdu) values (64, 64, 25, 'Vyřízena', '2021-10-02', '2022-02-06', '2022-03-26');
insert into Objednavka (id_objednavka, id_host, id_pokoj, stav_objednavky, datum_zalozeni, datum_prijezdu, datum_odjezdu) values (65, 31, 60, 'Vyřízena', '2021-07-21', '2021-12-26', '2022-03-02');
insert into Objednavka (id_objednavka, id_host, id_pokoj, stav_objednavky, datum_zalozeni, datum_prijezdu, datum_odjezdu) values (66, 38, 49, 'Vyřízena', '2021-05-03', '2022-03-31', '2022-04-29');
insert into Objednavka (id_objednavka, id_host, id_pokoj, stav_objednavky, datum_zalozeni, datum_prijezdu, datum_odjezdu) values (67, 11, 44, 'Vyřízena', '2021-05-08', '2022-02-17', '2022-03-07');
insert into Objednavka (id_objednavka, id_host, id_pokoj, stav_objednavky, datum_zalozeni, datum_prijezdu, datum_odjezdu) values (68, 68, 42, 'Vyřízena', '2021-05-28', '2022-01-04', '2022-03-18');
insert into Objednavka (id_objednavka, id_host, id_pokoj, stav_objednavky, datum_zalozeni, datum_prijezdu, datum_odjezdu) values (69, 7, 32, 'Vyřízena', '2021-10-09', '2022-02-06', '2022-03-31');
insert into Objednavka (id_objednavka, id_host, id_pokoj, stav_objednavky, datum_zalozeni, datum_prijezdu, datum_odjezdu) values (70, 17, 36, 'Vyřízena', '2021-05-30', '2022-02-16', '2022-04-25');
insert into Objednavka (id_objednavka, id_host, id_pokoj, stav_objednavky, datum_zalozeni, datum_prijezdu, datum_odjezdu) values (71, 68, 45, 'Vyřízena', '2021-07-04', '2021-12-23', '2022-03-09');
insert into Objednavka (id_objednavka, id_host, id_pokoj, stav_objednavky, datum_zalozeni, datum_prijezdu, datum_odjezdu) values (72, 59, 24, 'Vyřízena', '2021-08-23', '2022-04-07', '2022-04-11');
insert into Objednavka (id_objednavka, id_host, id_pokoj, stav_objednavky, datum_zalozeni, datum_prijezdu, datum_odjezdu) values (73, 61, 55, 'Vyřízena', '2021-07-16', '2022-04-03', '2022-04-01');
insert into Objednavka (id_objednavka, id_host, id_pokoj, stav_objednavky, datum_zalozeni, datum_prijezdu, datum_odjezdu) values (74, 50, 34, 'Vyřízena', '2021-06-24', '2022-03-18', '2022-04-02');
insert into Objednavka (id_objednavka, id_host, id_pokoj, stav_objednavky, datum_zalozeni, datum_prijezdu, datum_odjezdu) values (75, 64, 3, 'Vyřízena', '2021-10-09', '2022-02-05', '2022-04-05');
insert into Objednavka (id_objednavka, id_host, id_pokoj, stav_objednavky, datum_zalozeni, datum_prijezdu, datum_odjezdu) values (76, 70, 13, 'Vyřízena', '2021-10-09', '2022-02-02', '2022-04-21');
insert into Objednavka (id_objednavka, id_host, id_pokoj, stav_objednavky, datum_zalozeni, datum_prijezdu, datum_odjezdu) values (77, 3, 36, 'Vyřízena', '2021-08-16', '2022-04-25', '2022-04-21');
insert into Objednavka (id_objednavka, id_host, id_pokoj, stav_objednavky, datum_zalozeni, datum_prijezdu, datum_odjezdu) values (78, 32, 58, 'Vyřízena', '2021-05-03', '2021-12-06', '2022-03-09');
insert into Objednavka (id_objednavka, id_host, id_pokoj, stav_objednavky, datum_zalozeni, datum_prijezdu, datum_odjezdu) values (79, 13, 13, 'Vyřízena', '2021-09-13', '2021-12-22', '2022-04-24');
insert into Objednavka (id_objednavka, id_host, id_pokoj, stav_objednavky, datum_zalozeni, datum_prijezdu, datum_odjezdu) values (80, 63, 25, 'Vyřízena', '2021-05-31', '2022-04-21', '2022-03-13');
insert into Objednavka (id_objednavka, id_host, id_pokoj, stav_objednavky, datum_zalozeni, datum_prijezdu, datum_odjezdu) values (81, 26, 23, 'Vyřízena', '2021-06-16', '2021-12-28', '2022-04-28');
insert into Objednavka (id_objednavka, id_host, id_pokoj, stav_objednavky, datum_zalozeni, datum_prijezdu, datum_odjezdu) values (82, 16, 18, 'Vyřízena', '2021-08-11', '2021-12-17', '2022-04-02');
insert into Objednavka (id_objednavka, id_host, id_pokoj, stav_objednavky, datum_zalozeni, datum_prijezdu, datum_odjezdu) values (83, 56, 17, 'Vyřízena', '2021-10-15', '2022-04-14', '2022-04-01');
insert into Objednavka (id_objednavka, id_host, id_pokoj, stav_objednavky, datum_zalozeni, datum_prijezdu, datum_odjezdu) values (84, 50, 22, 'Vyřízena', '2021-07-02', '2022-02-25', '2022-03-02');
insert into Objednavka (id_objednavka, id_host, id_pokoj, stav_objednavky, datum_zalozeni, datum_prijezdu, datum_odjezdu) values (85, 32, 20, 'Vyřízena', '2021-10-31', '2022-04-15', '2022-04-27');
insert into Objednavka (id_objednavka, id_host, id_pokoj, stav_objednavky, datum_zalozeni, datum_prijezdu, datum_odjezdu) values (86, 19, 2, 'Vyřízena', '2021-09-25', '2021-12-05', '2022-03-16');
insert into Objednavka (id_objednavka, id_host, id_pokoj, stav_objednavky, datum_zalozeni, datum_prijezdu, datum_odjezdu) values (87, 60, 1, 'Vyřízena', '2021-04-30', '2021-12-09', '2022-03-13');
insert into Objednavka (id_objednavka, id_host, id_pokoj, stav_objednavky, datum_zalozeni, datum_prijezdu, datum_odjezdu) values (88, 69, 46, 'Vyřízena', '2021-09-27', '2021-12-10', '2022-04-17');
insert into Objednavka (id_objednavka, id_host, id_pokoj, stav_objednavky, datum_zalozeni, datum_prijezdu, datum_odjezdu) values (89, 19, 28, 'Vyřízena', '2021-07-16', '2022-04-18', '2022-03-25');
insert into Objednavka (id_objednavka, id_host, id_pokoj, stav_objednavky, datum_zalozeni, datum_prijezdu, datum_odjezdu) values (90, 7, 13, 'Vyřízena', '2021-08-10', '2021-12-01', '2022-04-28');
insert into Objednavka (id_objednavka, id_host, id_pokoj, stav_objednavky, datum_zalozeni, datum_prijezdu, datum_odjezdu) values (91, 15, 57, 'Vyřízena', '2021-08-18', '2022-01-04', '2022-04-02');
insert into Objednavka (id_objednavka, id_host, id_pokoj, stav_objednavky, datum_zalozeni, datum_prijezdu, datum_odjezdu) values (92, 10, 46, 'Vyřízena', '2021-09-27', '2022-03-02', '2022-04-13');
insert into Objednavka (id_objednavka, id_host, id_pokoj, stav_objednavky, datum_zalozeni, datum_prijezdu, datum_odjezdu) values (93, 61, 5, 'Vyřízena', '2021-05-19', '2022-04-24', '2022-04-25');
insert into Objednavka (id_objednavka, id_host, id_pokoj, stav_objednavky, datum_zalozeni, datum_prijezdu, datum_odjezdu) values (94, 41, 4, 'Vyřízena', '2021-10-10', '2022-01-22', '2022-03-09');
insert into Objednavka (id_objednavka, id_host, id_pokoj, stav_objednavky, datum_zalozeni, datum_prijezdu, datum_odjezdu) values (95, 45, 12, 'Vyřízena', '2021-10-06', '2022-04-12', '2022-04-23');
insert into Objednavka (id_objednavka, id_host, id_pokoj, stav_objednavky, datum_zalozeni, datum_prijezdu, datum_odjezdu) values (96, 6, 14, 'Vyřízena', '2021-07-09', '2022-02-25', '2022-03-31');
insert into Objednavka (id_objednavka, id_host, id_pokoj, stav_objednavky, datum_zalozeni, datum_prijezdu, datum_odjezdu) values (97, 11, 43, 'Vyřízena', '2021-07-16', '2022-04-05', '2022-04-11');
insert into Objednavka (id_objednavka, id_host, id_pokoj, stav_objednavky, datum_zalozeni, datum_prijezdu, datum_odjezdu) values (98, 35, 33, 'Vyřízena', '2021-06-25', '2021-12-31', '2022-04-20');
insert into Objednavka (id_objednavka, id_host, id_pokoj, stav_objednavky, datum_zalozeni, datum_prijezdu, datum_odjezdu) values (99, 36, 14, 'Vyřízena', '2021-08-19', '2022-02-04', '2022-03-12');
insert into Objednavka (id_objednavka, id_host, id_pokoj, stav_objednavky, datum_zalozeni, datum_prijezdu, datum_odjezdu) values (100, 47, 49, 'Vyřízena', '2021-08-29', '2022-03-30', '2022-03-07');

-- vložení dat do tabulky: Objednavka_Extra

insert into Objednavka_extra (id_objed_extra, id_objednavka, id_sluzba) values (1, 17, 31);
insert into Objednavka_extra (id_objed_extra, id_objednavka, id_sluzba) values (2, 70, 31);
insert into Objednavka_extra (id_objed_extra, id_objednavka, id_sluzba) values (3, 77, 33);
insert into Objednavka_extra (id_objed_extra, id_objednavka, id_sluzba) values (4, 43, 16);
insert into Objednavka_extra (id_objed_extra, id_objednavka, id_sluzba) values (5, 75, 6);
insert into Objednavka_extra (id_objed_extra, id_objednavka, id_sluzba) values (6, 57, 30);
insert into Objednavka_extra (id_objed_extra, id_objednavka, id_sluzba) values (7, 95, 34);
insert into Objednavka_extra (id_objed_extra, id_objednavka, id_sluzba) values (8, 55, 19);
insert into Objednavka_extra (id_objed_extra, id_objednavka, id_sluzba) values (9, 35, 11);
insert into Objednavka_extra (id_objed_extra, id_objednavka, id_sluzba) values (10, 63, 31);
insert into Objednavka_extra (id_objed_extra, id_objednavka, id_sluzba) values (11, 32, 14);
insert into Objednavka_extra (id_objed_extra, id_objednavka, id_sluzba) values (12, 58, 5);
insert into Objednavka_extra (id_objed_extra, id_objednavka, id_sluzba) values (13, 27, 20);
insert into Objednavka_extra (id_objed_extra, id_objednavka, id_sluzba) values (14, 12, 31);
insert into Objednavka_extra (id_objed_extra, id_objednavka, id_sluzba) values (15, 78, 30);
insert into Objednavka_extra (id_objed_extra, id_objednavka, id_sluzba) values (16, 40, 35);
insert into Objednavka_extra (id_objed_extra, id_objednavka, id_sluzba) values (17, 60, 19);
insert into Objednavka_extra (id_objed_extra, id_objednavka, id_sluzba) values (18, 36, 5);
insert into Objednavka_extra (id_objed_extra, id_objednavka, id_sluzba) values (19, 51, 11);
insert into Objednavka_extra (id_objed_extra, id_objednavka, id_sluzba) values (20, 100, 1);
insert into Objednavka_extra (id_objed_extra, id_objednavka, id_sluzba) values (21, 80, 30);
insert into Objednavka_extra (id_objed_extra, id_objednavka, id_sluzba) values (22, 66, 8);
insert into Objednavka_extra (id_objed_extra, id_objednavka, id_sluzba) values (23, 1, 18);
insert into Objednavka_extra (id_objed_extra, id_objednavka, id_sluzba) values (24, 52, 29);
insert into Objednavka_extra (id_objed_extra, id_objednavka, id_sluzba) values (25, 23, 23);
insert into Objednavka_extra (id_objed_extra, id_objednavka, id_sluzba) values (26, 34, 21);
insert into Objednavka_extra (id_objed_extra, id_objednavka, id_sluzba) values (27, 75, 14);
insert into Objednavka_extra (id_objed_extra, id_objednavka, id_sluzba) values (28, 53, 7);
insert into Objednavka_extra (id_objed_extra, id_objednavka, id_sluzba) values (29, 2, 7);
insert into Objednavka_extra (id_objed_extra, id_objednavka, id_sluzba) values (30, 12, 12);
insert into Objednavka_extra (id_objed_extra, id_objednavka, id_sluzba) values (31, 25, 35);
insert into Objednavka_extra (id_objed_extra, id_objednavka, id_sluzba) values (32, 71, 9);
insert into Objednavka_extra (id_objed_extra, id_objednavka, id_sluzba) values (33, 47, 15);
insert into Objednavka_extra (id_objed_extra, id_objednavka, id_sluzba) values (34, 17, 4);
insert into Objednavka_extra (id_objed_extra, id_objednavka, id_sluzba) values (35, 66, 31);
insert into Objednavka_extra (id_objed_extra, id_objednavka, id_sluzba) values (36, 78, 20);
insert into Objednavka_extra (id_objed_extra, id_objednavka, id_sluzba) values (37, 45, 33);
insert into Objednavka_extra (id_objed_extra, id_objednavka, id_sluzba) values (38, 15, 34);
insert into Objednavka_extra (id_objed_extra, id_objednavka, id_sluzba) values (39, 44, 24);
insert into Objednavka_extra (id_objed_extra, id_objednavka, id_sluzba) values (40, 35, 34);
insert into Objednavka_extra (id_objed_extra, id_objednavka, id_sluzba) values (41, 49, 6);
insert into Objednavka_extra (id_objed_extra, id_objednavka, id_sluzba) values (42, 94, 18);
insert into Objednavka_extra (id_objed_extra, id_objednavka, id_sluzba) values (43, 41, 8);
insert into Objednavka_extra (id_objed_extra, id_objednavka, id_sluzba) values (44, 40, 12);
insert into Objednavka_extra (id_objed_extra, id_objednavka, id_sluzba) values (45, 45, 25);
insert into Objednavka_extra (id_objed_extra, id_objednavka, id_sluzba) values (46, 2, 31);
insert into Objednavka_extra (id_objed_extra, id_objednavka, id_sluzba) values (47, 36, 8);
insert into Objednavka_extra (id_objed_extra, id_objednavka, id_sluzba) values (48, 22, 20);
insert into Objednavka_extra (id_objed_extra, id_objednavka, id_sluzba) values (49, 31, 5);
insert into Objednavka_extra (id_objed_extra, id_objednavka, id_sluzba) values (50, 35, 12);
insert into Objednavka_extra (id_objed_extra, id_objednavka, id_sluzba) values (51, 21, 33);
insert into Objednavka_extra (id_objed_extra, id_objednavka, id_sluzba) values (52, 78, 1);
insert into Objednavka_extra (id_objed_extra, id_objednavka, id_sluzba) values (53, 71, 35);
insert into Objednavka_extra (id_objed_extra, id_objednavka, id_sluzba) values (54, 90, 34);
insert into Objednavka_extra (id_objed_extra, id_objednavka, id_sluzba) values (55, 32, 15);
insert into Objednavka_extra (id_objed_extra, id_objednavka, id_sluzba) values (56, 86, 18);
insert into Objednavka_extra (id_objed_extra, id_objednavka, id_sluzba) values (57, 35, 2);
insert into Objednavka_extra (id_objed_extra, id_objednavka, id_sluzba) values (58, 35, 12);
insert into Objednavka_extra (id_objed_extra, id_objednavka, id_sluzba) values (59, 56, 31);
insert into Objednavka_extra (id_objed_extra, id_objednavka, id_sluzba) values (60, 8, 19);
insert into Objednavka_extra (id_objed_extra, id_objednavka, id_sluzba) values (61, 25, 27);
insert into Objednavka_extra (id_objed_extra, id_objednavka, id_sluzba) values (62, 13, 15);
insert into Objednavka_extra (id_objed_extra, id_objednavka, id_sluzba) values (63, 92, 17);
insert into Objednavka_extra (id_objed_extra, id_objednavka, id_sluzba) values (64, 53, 22);
insert into Objednavka_extra (id_objed_extra, id_objednavka, id_sluzba) values (65, 31, 24);
insert into Objednavka_extra (id_objed_extra, id_objednavka, id_sluzba) values (66, 55, 7);
insert into Objednavka_extra (id_objed_extra, id_objednavka, id_sluzba) values (67, 26, 24);
insert into Objednavka_extra (id_objed_extra, id_objednavka, id_sluzba) values (68, 18, 5);
insert into Objednavka_extra (id_objed_extra, id_objednavka, id_sluzba) values (69, 31, 29);
insert into Objednavka_extra (id_objed_extra, id_objednavka, id_sluzba) values (70, 34, 3);
insert into Objednavka_extra (id_objed_extra, id_objednavka, id_sluzba) values (71, 92, 28);
insert into Objednavka_extra (id_objed_extra, id_objednavka, id_sluzba) values (72, 4, 22);
insert into Objednavka_extra (id_objed_extra, id_objednavka, id_sluzba) values (73, 53, 17);
insert into Objednavka_extra (id_objed_extra, id_objednavka, id_sluzba) values (74, 19, 35);
insert into Objednavka_extra (id_objed_extra, id_objednavka, id_sluzba) values (75, 99, 18);
insert into Objednavka_extra (id_objed_extra, id_objednavka, id_sluzba) values (76, 63, 25);
insert into Objednavka_extra (id_objed_extra, id_objednavka, id_sluzba) values (77, 52, 12);
insert into Objednavka_extra (id_objed_extra, id_objednavka, id_sluzba) values (78, 7, 22);
insert into Objednavka_extra (id_objed_extra, id_objednavka, id_sluzba) values (79, 45, 8);
insert into Objednavka_extra (id_objed_extra, id_objednavka, id_sluzba) values (80, 100, 28);
insert into Objednavka_extra (id_objed_extra, id_objednavka, id_sluzba) values (81, 84, 21);
insert into Objednavka_extra (id_objed_extra, id_objednavka, id_sluzba) values (82, 74, 32);
insert into Objednavka_extra (id_objed_extra, id_objednavka, id_sluzba) values (83, 36, 3);
insert into Objednavka_extra (id_objed_extra, id_objednavka, id_sluzba) values (84, 45, 22);
insert into Objednavka_extra (id_objed_extra, id_objednavka, id_sluzba) values (85, 78, 23);
insert into Objednavka_extra (id_objed_extra, id_objednavka, id_sluzba) values (86, 38, 33);
insert into Objednavka_extra (id_objed_extra, id_objednavka, id_sluzba) values (87, 68, 26);
insert into Objednavka_extra (id_objed_extra, id_objednavka, id_sluzba) values (88, 90, 18);
insert into Objednavka_extra (id_objed_extra, id_objednavka, id_sluzba) values (89, 50, 21);
insert into Objednavka_extra (id_objed_extra, id_objednavka, id_sluzba) values (90, 67, 25);
insert into Objednavka_extra (id_objed_extra, id_objednavka, id_sluzba) values (91, 32, 21);
insert into Objednavka_extra (id_objed_extra, id_objednavka, id_sluzba) values (92, 94, 3);
insert into Objednavka_extra (id_objed_extra, id_objednavka, id_sluzba) values (93, 81, 17);
insert into Objednavka_extra (id_objed_extra, id_objednavka, id_sluzba) values (94, 62, 20);
insert into Objednavka_extra (id_objed_extra, id_objednavka, id_sluzba) values (95, 77, 5);
insert into Objednavka_extra (id_objed_extra, id_objednavka, id_sluzba) values (96, 30, 1);
insert into Objednavka_extra (id_objed_extra, id_objednavka, id_sluzba) values (97, 31, 5);
insert into Objednavka_extra (id_objed_extra, id_objednavka, id_sluzba) values (98, 59, 25);
insert into Objednavka_extra (id_objed_extra, id_objednavka, id_sluzba) values (99, 94, 31);
insert into Objednavka_extra (id_objed_extra, id_objednavka, id_sluzba) values (100, 43, 1);
insert into Objednavka_extra (id_objed_extra, id_objednavka, id_sluzba) values (101, 43, 2);
insert into Objednavka_extra (id_objed_extra, id_objednavka, id_sluzba) values (102, 43, 3);
insert into Objednavka_extra (id_objed_extra, id_objednavka, id_sluzba) values (103, 43, 4);
insert into Objednavka_extra (id_objed_extra, id_objednavka, id_sluzba) values (104, 43, 5);
insert into Objednavka_extra (id_objed_extra, id_objednavka, id_sluzba) values (105, 43, 6);
insert into Objednavka_extra (id_objed_extra, id_objednavka, id_sluzba) values (106, 43, 7);
insert into Objednavka_extra (id_objed_extra, id_objednavka, id_sluzba) values (107, 43, 8);
insert into Objednavka_extra (id_objed_extra, id_objednavka, id_sluzba) values (108, 43, 9);
insert into Objednavka_extra (id_objed_extra, id_objednavka, id_sluzba) values (109, 43, 10);
insert into Objednavka_extra (id_objed_extra, id_objednavka, id_sluzba) values (110, 43, 11);
insert into Objednavka_extra (id_objed_extra, id_objednavka, id_sluzba) values (111, 43, 12);
insert into Objednavka_extra (id_objed_extra, id_objednavka, id_sluzba) values (112, 43, 13);
insert into Objednavka_extra (id_objed_extra, id_objednavka, id_sluzba) values (113, 43, 14);
insert into Objednavka_extra (id_objed_extra, id_objednavka, id_sluzba) values (114, 43, 15);
insert into Objednavka_extra (id_objed_extra, id_objednavka, id_sluzba) values (115, 43, 16);
insert into Objednavka_extra (id_objed_extra, id_objednavka, id_sluzba) values (116, 43, 17);
insert into Objednavka_extra (id_objed_extra, id_objednavka, id_sluzba) values (117, 43, 18);
insert into Objednavka_extra (id_objed_extra, id_objednavka, id_sluzba) values (118, 43, 19);
insert into Objednavka_extra (id_objed_extra, id_objednavka, id_sluzba) values (119, 43, 20);
insert into Objednavka_extra (id_objed_extra, id_objednavka, id_sluzba) values (120, 43, 21);
insert into Objednavka_extra (id_objed_extra, id_objednavka, id_sluzba) values (121, 43, 22);
insert into Objednavka_extra (id_objed_extra, id_objednavka, id_sluzba) values (122, 43, 23);
insert into Objednavka_extra (id_objed_extra, id_objednavka, id_sluzba) values (123, 43, 24);
insert into Objednavka_extra (id_objed_extra, id_objednavka, id_sluzba) values (124, 43, 25);
insert into Objednavka_extra (id_objed_extra, id_objednavka, id_sluzba) values (125, 43, 26);
insert into Objednavka_extra (id_objed_extra, id_objednavka, id_sluzba) values (126, 43, 27);
insert into Objednavka_extra (id_objed_extra, id_objednavka, id_sluzba) values (127, 43, 28);
insert into Objednavka_extra (id_objed_extra, id_objednavka, id_sluzba) values (128, 43, 29);
insert into Objednavka_extra (id_objed_extra, id_objednavka, id_sluzba) values (129, 43, 30);
insert into Objednavka_extra (id_objed_extra, id_objednavka, id_sluzba) values (130, 43, 31);
insert into Objednavka_extra (id_objed_extra, id_objednavka, id_sluzba) values (131, 43, 32);
insert into Objednavka_extra (id_objed_extra, id_objednavka, id_sluzba) values (132, 43, 33);
insert into Objednavka_extra (id_objed_extra, id_objednavka, id_sluzba) values (133, 43, 34);
insert into Objednavka_extra (id_objed_extra, id_objednavka, id_sluzba) values (134, 43, 35);
insert into Objednavka_extra (id_objed_extra, id_objednavka, id_sluzba) values (135, 43, 1);
insert into Objednavka_extra (id_objed_extra, id_objednavka, id_sluzba) values (136, 43, 1);

-- vložení dat do tabulky: Parkovani

insert into Parkovani (id_objednavka, cena) values (1, 200);
insert into Parkovani (id_objednavka, cena) values (2, 200);
insert into Parkovani (id_objednavka, cena) values (3, 200);
insert into Parkovani (id_objednavka, cena) values (4, 200);
insert into Parkovani (id_objednavka, cena) values (5, 200);
insert into Parkovani (id_objednavka, cena) values (6, 200);
insert into Parkovani (id_objednavka, cena) values (7, 200);
insert into Parkovani (id_objednavka, cena) values (8, 200);
insert into Parkovani (id_objednavka, cena) values (10, 100);
insert into Parkovani (id_objednavka, cena) values (17, 100);
insert into Parkovani (id_objednavka, cena) values (18, 100);
insert into Parkovani (id_objednavka, cena) values (19, 100);
insert into Parkovani (id_objednavka, cena) values (20, 100);
insert into Parkovani (id_objednavka, cena) values (21, 100);
insert into Parkovani (id_objednavka, cena) values (22, 100);
insert into Parkovani (id_objednavka, cena) values (23, 100);
insert into Parkovani (id_objednavka, cena) values (24, 100);
insert into Parkovani (id_objednavka, cena) values (25, 100);
insert into Parkovani (id_objednavka, cena) values (26, 100);
insert into Parkovani (id_objednavka, cena) values (27, 100);
insert into Parkovani (id_objednavka, cena) values (28, 100);
insert into Parkovani (id_objednavka, cena) values (29, 100);
insert into Parkovani (id_objednavka, cena) values (30, 100);
insert into Parkovani (id_objednavka, cena) values (31, 100);
insert into Parkovani (id_objednavka, cena) values (32, 100);
insert into Parkovani (id_objednavka, cena) values (33, 100);
insert into Parkovani (id_objednavka, cena) values (34, 100);
insert into Parkovani (id_objednavka, cena) values (35, 100);
insert into Parkovani (id_objednavka, cena) values (36, 100);
insert into Parkovani (id_objednavka, cena) values (37, 100);
insert into Parkovani (id_objednavka, cena) values (38, 100);
insert into Parkovani (id_objednavka, cena) values (39, 100);
insert into Parkovani (id_objednavka, cena) values (40, 100);
insert into Parkovani (id_objednavka, cena) values (41, 100);
insert into Parkovani (id_objednavka, cena) values (42, 100);
insert into Parkovani (id_objednavka, cena) values (43, 100);
insert into Parkovani (id_objednavka, cena) values (44, 100);
insert into Parkovani (id_objednavka, cena) values (45, 100);
insert into Parkovani (id_objednavka, cena) values (46, 100);
insert into Parkovani (id_objednavka, cena) values (47, 100);
insert into Parkovani (id_objednavka, cena) values (48, 100);
insert into Parkovani (id_objednavka, cena) values (49, 100);
insert into Parkovani (id_objednavka, cena) values (50, 100);
insert into Parkovani (id_objednavka, cena) values (51, 100);
insert into Parkovani (id_objednavka, cena) values (52, 100);
insert into Parkovani (id_objednavka, cena) values (53, 100);
insert into Parkovani (id_objednavka, cena) values (54, 100);
insert into Parkovani (id_objednavka, cena) values (55, 100);
insert into Parkovani (id_objednavka, cena) values (56, 100);
insert into Parkovani (id_objednavka, cena) values (57, 100);
insert into Parkovani (id_objednavka, cena) values (58, 100);
insert into Parkovani (id_objednavka, cena) values (59, 100);
insert into Parkovani (id_objednavka, cena) values (60, 100);

-- vložení dat do tabulky: Auto

insert into Auto (id_auto, id_objednavka, registracni_znacka) values (1, 1, 'WBABW53436P055381');
insert into Auto (id_auto, id_objednavka, registracni_znacka) values (2, 1, '1GT022CG6EF413043');
insert into Auto (id_auto, id_objednavka, registracni_znacka) values (3, 2, '1G6AL5S3XE0946097');
insert into Auto (id_auto, id_objednavka, registracni_znacka) values (4, 2, 'WAUDV94F57N267697');
insert into Auto (id_auto, id_objednavka, registracni_znacka) values (5, 3, '1FTEX1E81AF928661');
insert into Auto (id_auto, id_objednavka, registracni_znacka) values (6, 3, '1N4AL3AP9EC275239');
insert into Auto (id_auto, id_objednavka, registracni_znacka) values (7, 4, '1N6AF0LY9FN703383');
insert into Auto (id_auto, id_objednavka, registracni_znacka) values (8, 4, 'SALFR2BG0DH225153');
insert into Auto (id_auto, id_objednavka, registracni_znacka) values (9, 5, '2G4GN5EX5F9551294');
insert into Auto (id_auto, id_objednavka, registracni_znacka) values (10, 5, 'WVGAV3AX0EW183127');
insert into Auto (id_auto, id_objednavka, registracni_znacka) values (11, 6, 'WBXPA73485W498359');
insert into Auto (id_auto, id_objednavka, registracni_znacka) values (12, 6, 'WAUEV74F77N983641');
insert into Auto (id_auto, id_objednavka, registracni_znacka) values (13, 7, 'WDDGF4HB2DF898457');
insert into Auto (id_auto, id_objednavka, registracni_znacka) values (14, 7, '1FMEU3BE7AU937113');
insert into Auto (id_auto, id_objednavka, registracni_znacka) values (15, 8, 'JH4KB2F65CC586030');
insert into Auto (id_auto, id_objednavka, registracni_znacka) values (16, 8, '2C3CCADG7DH631416');
insert into Auto (id_auto, id_objednavka, registracni_znacka) values (17, 17, '1HGCR2E58DA827345');
insert into Auto (id_auto, id_objednavka, registracni_znacka) values (18, 18, 'JM1DE1HY4B0235930');
insert into Auto (id_auto, id_objednavka, registracni_znacka) values (19, 19, '2C3CCAAG1EH348306');
insert into Auto (id_auto, id_objednavka, registracni_znacka) values (20, 20, 'JTHBL1EF6E5919514');
insert into Auto (id_auto, id_objednavka, registracni_znacka) values (21, 21, 'WBA3V7C57FP864488');
insert into Auto (id_auto, id_objednavka, registracni_znacka) values (22, 22, '2HNYD18891H313644');
insert into Auto (id_auto, id_objednavka, registracni_znacka) values (23, 23, 'SAJWA4EC7DM007433');
insert into Auto (id_auto, id_objednavka, registracni_znacka) values (24, 24, '1D4PU2GK3BW608006');
insert into Auto (id_auto, id_objednavka, registracni_znacka) values (25, 25, '1J4RR4GG0BC243777');
insert into Auto (id_auto, id_objednavka, registracni_znacka) values (26, 26, 'WAUUL98E57A822338');
insert into Auto (id_auto, id_objednavka, registracni_znacka) values (27, 27, 'WBSDX9C53BE105980');
insert into Auto (id_auto, id_objednavka, registracni_znacka) values (28, 28, '2T1BURHE1EC270241');
insert into Auto (id_auto, id_objednavka, registracni_znacka) values (29, 29, 'SCBLC43F35C507561');
insert into Auto (id_auto, id_objednavka, registracni_znacka) values (30, 30, 'KMHFH4JG4FA654715');
insert into Auto (id_auto, id_objednavka, registracni_znacka) values (31, 31, 'JH4DB75531S468530');
insert into Auto (id_auto, id_objednavka, registracni_znacka) values (32, 32, 'JN8AZ1MU1AW724652');
insert into Auto (id_auto, id_objednavka, registracni_znacka) values (33, 33, '2C3CCABG9CH461335');
insert into Auto (id_auto, id_objednavka, registracni_znacka) values (34, 34, 'JN8BS1MW3DM281026');
insert into Auto (id_auto, id_objednavka, registracni_znacka) values (35, 35, 'WBA3G7C5XEF194255');
insert into Auto (id_auto, id_objednavka, registracni_znacka) values (36, 36, '1FTSW2A57AE985766');
insert into Auto (id_auto, id_objednavka, registracni_znacka) values (37, 37, '1GD21ZCG7BZ446580');
insert into Auto (id_auto, id_objednavka, registracni_znacka) values (38, 38, '1G6KS54Y12U677072');
insert into Auto (id_auto, id_objednavka, registracni_znacka) values (39, 39, 'WVGAV7AX6AW078075');
insert into Auto (id_auto, id_objednavka, registracni_znacka) values (40, 40, '5GAKRBKD8DJ708251');
insert into Auto (id_auto, id_objednavka, registracni_znacka) values (41, 41, '19XFA1E63BE917860');
insert into Auto (id_auto, id_objednavka, registracni_znacka) values (42, 42, 'SCBBR93W77C151528');
insert into Auto (id_auto, id_objednavka, registracni_znacka) values (43, 43, 'JM3ER2A52B0692063');
insert into Auto (id_auto, id_objednavka, registracni_znacka) values (44, 44, '3C63D3DLXCG806491');
insert into Auto (id_auto, id_objednavka, registracni_znacka) values (45, 45, '3VWML7AJXCM557389');
insert into Auto (id_auto, id_objednavka, registracni_znacka) values (46, 46, 'KMHHT6KDXDU590585');
insert into Auto (id_auto, id_objednavka, registracni_znacka) values (47, 47, '1G6DP577360824437');
insert into Auto (id_auto, id_objednavka, registracni_znacka) values (48, 48, 'JTDKN3DU1B0130249');
insert into Auto (id_auto, id_objednavka, registracni_znacka) values (49, 49, 'JH4KC1F59FC639721');
insert into Auto (id_auto, id_objednavka, registracni_znacka) values (50, 50, 'JM1DE1KY8E0238911');
insert into Auto (id_auto, id_objednavka, registracni_znacka) values (51, 51, '1N6AA0CJXEN175904');
insert into Auto (id_auto, id_objednavka, registracni_znacka) values (52, 52, '2C3CDZBT0FH376588');
insert into Auto (id_auto, id_objednavka, registracni_znacka) values (53, 53, '4A31K2DF6CE544130');
insert into Auto (id_auto, id_objednavka, registracni_znacka) values (54, 54, 'WBADT53472C945725');
insert into Auto (id_auto, id_objednavka, registracni_znacka) values (55, 55, 'SCBZK25E91C873718');
insert into Auto (id_auto, id_objednavka, registracni_znacka) values (56, 56, 'WBAGN83565D524899');
insert into Auto (id_auto, id_objednavka, registracni_znacka) values (57, 57, '3FAHP0CG4AR349189');
insert into Auto (id_auto, id_objednavka, registracni_znacka) values (58, 58, '1G4HP52K74U206436');
insert into Auto (id_auto, id_objednavka, registracni_znacka) values (59, 59, '1FTEX1CV0AF075209');
insert into Auto (id_auto, id_objednavka, registracni_znacka) values (60, 60, '1FTMF1CW2AK524162');

-- vložení dat do tabulky: Faktura


insert into Faktura (id_objednavka, castka, zpusob_platby, probehla) values (1, 12918, 'Platební karta', false);
insert into Faktura (id_objednavka, castka, zpusob_platby, probehla) values (2, 9129, 'Hotovost', true);
insert into Faktura (id_objednavka, castka, zpusob_platby, probehla) values (3, 20611, 'Platební karta', false);
insert into Faktura (id_objednavka, castka, zpusob_platby, probehla) values (4, 8884, 'Platební karta', false);
insert into Faktura (id_objednavka, castka, zpusob_platby, probehla) values (5, 10339, 'Platební karta', true);
insert into Faktura (id_objednavka, castka, zpusob_platby, probehla) values (6, 5454, 'Hotovost', true);
insert into Faktura (id_objednavka, castka, zpusob_platby, probehla) values (7, 14110, 'Hotovost', false);
insert into Faktura (id_objednavka, castka, zpusob_platby, probehla) values (8, 11774, 'Platební karta', false);
insert into Faktura (id_objednavka, castka, zpusob_platby, probehla) values (9, 16424, 'Platební karta', true);
insert into Faktura (id_objednavka, castka, zpusob_platby, probehla) values (10, 6860, 'Platební karta', false);
insert into Faktura (id_objednavka, castka, zpusob_platby, probehla) values (11, 15700, 'Platební karta', false);
insert into Faktura (id_objednavka, castka, zpusob_platby, probehla) values (12, 22685, 'Platební karta', false);
insert into Faktura (id_objednavka, castka, zpusob_platby, probehla) values (13, 18372, 'Hotovost', true);
insert into Faktura (id_objednavka, castka, zpusob_platby, probehla) values (14, 8820, 'Platební karta', false);
insert into Faktura (id_objednavka, castka, zpusob_platby, probehla) values (15, 4522, 'Platební karta', false);
insert into Faktura (id_objednavka, castka, zpusob_platby, probehla) values (16, 16924, 'Platební karta', true);
insert into Faktura (id_objednavka, castka, zpusob_platby, probehla) values (17, 7232, 'Hotovost', true);
insert into Faktura (id_objednavka, castka, zpusob_platby, probehla) values (18, 14391, 'Platební karta', true);
insert into Faktura (id_objednavka, castka, zpusob_platby, probehla) values (19, 5668, 'Platební karta', true);
insert into Faktura (id_objednavka, castka, zpusob_platby, probehla) values (20, 22477, 'Platební karta', true);
insert into Faktura (id_objednavka, castka, zpusob_platby, probehla) values (21, 10609, 'Platební karta', true);
insert into Faktura (id_objednavka, castka, zpusob_platby, probehla) values (22, 24969, 'Hotovost', true);
insert into Faktura (id_objednavka, castka, zpusob_platby, probehla) values (23, 2608, 'Hotovost', true);
insert into Faktura (id_objednavka, castka, zpusob_platby, probehla) values (24, 23105, 'Hotovost', false);
insert into Faktura (id_objednavka, castka, zpusob_platby, probehla) values (25, 17804, 'Platební karta', false);
insert into Faktura (id_objednavka, castka, zpusob_platby, probehla) values (26, 16334, 'Platební karta', true);
insert into Faktura (id_objednavka, castka, zpusob_platby, probehla) values (27, 10395, 'Platební karta', false);
insert into Faktura (id_objednavka, castka, zpusob_platby, probehla) values (28, 20651, 'Hotovost', false);
insert into Faktura (id_objednavka, castka, zpusob_platby, probehla) values (29, 20468, 'Hotovost', true);
insert into Faktura (id_objednavka, castka, zpusob_platby, probehla) values (30, 12258, 'Hotovost', false);
insert into Faktura (id_objednavka, castka, zpusob_platby, probehla) values (31, 17722, 'Hotovost', false);
insert into Faktura (id_objednavka, castka, zpusob_platby, probehla) values (32, 15277, 'Platební karta', true);
insert into Faktura (id_objednavka, castka, zpusob_platby, probehla) values (33, 13020, 'Platební karta', true);
insert into Faktura (id_objednavka, castka, zpusob_platby, probehla) values (34, 17464, 'Platební karta', false);
insert into Faktura (id_objednavka, castka, zpusob_platby, probehla) values (35, 24407, 'Platební karta', true);
insert into Faktura (id_objednavka, castka, zpusob_platby, probehla) values (36, 5795, 'Hotovost', false);
insert into Faktura (id_objednavka, castka, zpusob_platby, probehla) values (37, 10907, 'Platební karta', false);
insert into Faktura (id_objednavka, castka, zpusob_platby, probehla) values (38, 11135, 'Platební karta', false);
insert into Faktura (id_objednavka, castka, zpusob_platby, probehla) values (39, 22525, 'Platební karta', true);
insert into Faktura (id_objednavka, castka, zpusob_platby, probehla) values (40, 13444, 'Platební karta', true);
insert into Faktura (id_objednavka, castka, zpusob_platby, probehla) values (41, 23573, 'Platební karta', false);
insert into Faktura (id_objednavka, castka, zpusob_platby, probehla) values (42, 22882, 'Platební karta', false);
insert into Faktura (id_objednavka, castka, zpusob_platby, probehla) values (43, 20613, 'Hotovost', false);
insert into Faktura (id_objednavka, castka, zpusob_platby, probehla) values (44, 6334, 'Hotovost', false);
insert into Faktura (id_objednavka, castka, zpusob_platby, probehla) values (45, 9627, 'Platební karta', true);
insert into Faktura (id_objednavka, castka, zpusob_platby, probehla) values (46, 21865, 'Platební karta', false);
insert into Faktura (id_objednavka, castka, zpusob_platby, probehla) values (47, 13359, 'Platební karta', true);
insert into Faktura (id_objednavka, castka, zpusob_platby, probehla) values (48, 22855, 'Platební karta', true);
insert into Faktura (id_objednavka, castka, zpusob_platby, probehla) values (49, 5966, 'Platební karta', false);
insert into Faktura (id_objednavka, castka, zpusob_platby, probehla) values (50, 10361, 'Platební karta', false);
insert into Faktura (id_objednavka, castka, zpusob_platby, probehla) values (51, 23119, 'Platební karta', false);
insert into Faktura (id_objednavka, castka, zpusob_platby, probehla) values (52, 17460, 'Platební karta', false);
insert into Faktura (id_objednavka, castka, zpusob_platby, probehla) values (53, 2900, 'Platební karta', false);
insert into Faktura (id_objednavka, castka, zpusob_platby, probehla) values (54, 22127, 'Hotovost', false);
insert into Faktura (id_objednavka, castka, zpusob_platby, probehla) values (55, 21641, 'Hotovost', false);
insert into Faktura (id_objednavka, castka, zpusob_platby, probehla) values (56, 3600, 'Platební karta', true);
insert into Faktura (id_objednavka, castka, zpusob_platby, probehla) values (57, 3638, 'Platební karta', false);
insert into Faktura (id_objednavka, castka, zpusob_platby, probehla) values (58, 16932, 'Platební karta', false);
insert into Faktura (id_objednavka, castka, zpusob_platby, probehla) values (59, 10908, 'Hotovost', false);
insert into Faktura (id_objednavka, castka, zpusob_platby, probehla) values (60, 3792, 'Platební karta', false);
insert into Faktura (id_objednavka, castka, zpusob_platby, probehla) values (61, 4147, 'Hotovost', true);
insert into Faktura (id_objednavka, castka, zpusob_platby, probehla) values (62, 19155, 'Platební karta', false);
insert into Faktura (id_objednavka, castka, zpusob_platby, probehla) values (63, 11585, 'Platební karta', true);
insert into Faktura (id_objednavka, castka, zpusob_platby, probehla) values (64, 3490, 'Platební karta', true);
insert into Faktura (id_objednavka, castka, zpusob_platby, probehla) values (65, 24188, 'Hotovost', false);
insert into Faktura (id_objednavka, castka, zpusob_platby, probehla) values (66, 20169, 'Platební karta', true);
insert into Faktura (id_objednavka, castka, zpusob_platby, probehla) values (67, 4305, 'Hotovost', true);
insert into Faktura (id_objednavka, castka, zpusob_platby, probehla) values (68, 15660, 'Platební karta', true);
insert into Faktura (id_objednavka, castka, zpusob_platby, probehla) values (69, 6595, 'Hotovost', true);
insert into Faktura (id_objednavka, castka, zpusob_platby, probehla) values (70, 2456, 'Platební karta', false);
insert into Faktura (id_objednavka, castka, zpusob_platby, probehla) values (71, 10340, 'Hotovost', false);
insert into Faktura (id_objednavka, castka, zpusob_platby, probehla) values (72, 13128, 'Platební karta', false);
insert into Faktura (id_objednavka, castka, zpusob_platby, probehla) values (73, 7797, 'Hotovost', true);
insert into Faktura (id_objednavka, castka, zpusob_platby, probehla) values (74, 6790, 'Platební karta', true);
insert into Faktura (id_objednavka, castka, zpusob_platby, probehla) values (75, 14576, 'Platební karta', false);
insert into Faktura (id_objednavka, castka, zpusob_platby, probehla) values (76, 20364, 'Platební karta', false);
insert into Faktura (id_objednavka, castka, zpusob_platby, probehla) values (77, 4183, 'Platební karta', true);
insert into Faktura (id_objednavka, castka, zpusob_platby, probehla) values (78, 4207, 'Hotovost', false);
insert into Faktura (id_objednavka, castka, zpusob_platby, probehla) values (79, 3052, 'Hotovost', true);
insert into Faktura (id_objednavka, castka, zpusob_platby, probehla) values (80, 11250, 'Platební karta', true);
insert into Faktura (id_objednavka, castka, zpusob_platby, probehla) values (81, 13039, 'Platební karta', false);
insert into Faktura (id_objednavka, castka, zpusob_platby, probehla) values (82, 5625, 'Platební karta', false);
insert into Faktura (id_objednavka, castka, zpusob_platby, probehla) values (83, 10709, 'Platební karta', true);
insert into Faktura (id_objednavka, castka, zpusob_platby, probehla) values (84, 17195, 'Hotovost', false);
insert into Faktura (id_objednavka, castka, zpusob_platby, probehla) values (85, 4815, 'Platební karta', false);
insert into Faktura (id_objednavka, castka, zpusob_platby, probehla) values (86, 1257, 'Platební karta', true);
insert into Faktura (id_objednavka, castka, zpusob_platby, probehla) values (87, 8008, 'Platební karta', true);
insert into Faktura (id_objednavka, castka, zpusob_platby, probehla) values (88, 14917, 'Platební karta', true);
insert into Faktura (id_objednavka, castka, zpusob_platby, probehla) values (89, 21423, 'Hotovost', false);
insert into Faktura (id_objednavka, castka, zpusob_platby, probehla) values (90, 24124, 'Hotovost', false);
insert into Faktura (id_objednavka, castka, zpusob_platby, probehla) values (91, 10063, 'Platební karta', false);
insert into Faktura (id_objednavka, castka, zpusob_platby, probehla) values (92, 24025, 'Hotovost', true);
insert into Faktura (id_objednavka, castka, zpusob_platby, probehla) values (93, 3503, 'Platební karta', false);
insert into Faktura (id_objednavka, castka, zpusob_platby, probehla) values (94, 21689, 'Hotovost', true);
insert into Faktura (id_objednavka, castka, zpusob_platby, probehla) values (95, 9950, 'Platební karta', true);
insert into Faktura (id_objednavka, castka, zpusob_platby, probehla) values (96, 5447, 'Hotovost', false);
insert into Faktura (id_objednavka, castka, zpusob_platby, probehla) values (97, 1601, 'Platební karta', false);
insert into Faktura (id_objednavka, castka, zpusob_platby, probehla) values (98, 13008, 'Platební karta', false);
insert into Faktura (id_objednavka, castka, zpusob_platby, probehla) values (99, 1652, 'Platební karta', false);
insert into Faktura (id_objednavka, castka, zpusob_platby, probehla) values (100, 21775, 'Platební karta', false);

-- vložení dat do tabulky: Vybaveni_faktura

insert into Vybaveni_faktura (id_vybaveni, id_objednavka) values (1, 1);
insert into Vybaveni_faktura (id_vybaveni, id_objednavka) values (2, 2);
insert into Vybaveni_faktura (id_vybaveni, id_objednavka) values (3, 3);
insert into Vybaveni_faktura (id_vybaveni, id_objednavka) values (4, 4);
insert into Vybaveni_faktura (id_vybaveni, id_objednavka) values (5, 5);
insert into Vybaveni_faktura (id_vybaveni, id_objednavka) values (6, 6);
insert into Vybaveni_faktura (id_vybaveni, id_objednavka) values (7, 7);
insert into Vybaveni_faktura (id_vybaveni, id_objednavka) values (8, 8);
insert into Vybaveni_faktura (id_vybaveni, id_objednavka) values (9, 9);
insert into Vybaveni_faktura (id_vybaveni, id_objednavka) values (10, 10);
insert into Vybaveni_faktura (id_vybaveni, id_objednavka) values (11, 11);
insert into Vybaveni_faktura (id_vybaveni, id_objednavka) values (12, 12);
insert into Vybaveni_faktura (id_vybaveni, id_objednavka) values (13, 13);
insert into Vybaveni_faktura (id_vybaveni, id_objednavka) values (14, 14);
insert into Vybaveni_faktura (id_vybaveni, id_objednavka) values (15, 15);
insert into Vybaveni_faktura (id_vybaveni, id_objednavka) values (16, 16);
insert into Vybaveni_faktura (id_vybaveni, id_objednavka) values (17, 17);
insert into Vybaveni_faktura (id_vybaveni, id_objednavka) values (18, 18);
insert into Vybaveni_faktura (id_vybaveni, id_objednavka) values (19, 19);
insert into Vybaveni_faktura (id_vybaveni, id_objednavka) values (20, 20);








